id,prediction_up,prediction_down,prediction_no_change
Slc35b1_Pdia6,0.33903626,0.03719157,0.6237722
Rprd2_9930111J21Rik2,0.29876944,0.08808214,0.6131484
Rpf2_Cyb5a,0.14398666,0.062727034,0.79328626
Map3k8_Cdk14,0.034795657,0.032745514,0.9324589
Ppie_Cat,0.43776184,0.17196123,0.3902769
Wdr82_Sla,0.46506032,0.066107824,0.4688318
Mettl14_Rhob,0.4323362,0.10810097,0.45956284
Atp2a2_Pdzk1ip1,0.6131049,0.03307393,0.3538212
Dnttip1_Fabp5,0.36261883,0.034593236,0.602788
Ints5_Zfp36l2,0.19504863,0.12448541,0.680466
Rprd2_Nptx1,0.23897584,0.15182884,0.60919535
Slc35b1_Hdac9,0.21175951,0.12579206,0.6624484
Cebpb_Brd8dc,0.36230525,0.05021822,0.5874765
Vps37a_Dapk1,0.36341667,0.13155922,0.50502414
Vps37a_Pgd,0.22644435,0.17162277,0.6019329
Nfkb1_Plk2,0.55950034,0.10386847,0.3366312
Stat1_Pcm1,0.3050043,0.13186564,0.56313014
Stat2_Mx1,0.22077735,0.071465425,0.70775723
Ddx10_Rngtt,0.23494165,0.01437516,0.75068325
Actb_Slc7a11,0.1752216,0.089851886,0.73492646
Vps52_Cystm1,0.13800725,0.1939197,0.668073
Znhit2_Snhg8,0.29876944,0.08808214,0.6131484
Actb_Map3k14,0.23131205,0.057640452,0.7110475
Ccdc174_Gatm,0.15770543,0.06759829,0.7746963
Pbrm1_Gstm1,0.2594402,0.13555466,0.60500515
Pbrm1_Speg,0.4019043,0.08256193,0.51553375
Slc35b1_Fabp3,0.14718236,0.25678337,0.5960343
Elp5_Srgn,0.23479168,0.09844243,0.6667659
Stat2_Herc6,0.21150018,0.2840302,0.5044696
Orc3_Rilpl2,0.14444622,0.15719078,0.69836295
Nudc_C1qc,0.4182576,0.10531496,0.4764274
Ints5_Ass1,0.41452184,0.032880116,0.55259806
Wasf2_Wfdc17,0.17844898,0.20054199,0.62100905
Stat2_Tnfrsf12a,0.3189805,0.10049249,0.580527
Mettl14_Cytip,0.3275788,0.08038473,0.5920365
Tsr2_Trps1,0.2637256,0.16311039,0.573164
Stat2_Irf7,0.13719107,0.3652109,0.49759808
Wdr82_Gm31522,0.29876944,0.08808214,0.6131484
Ccdc174_Asb13,0.24389383,0.09594481,0.6601613
Preb_AW011738,0.29876944,0.08808214,0.6131484
Rbm27_Ms4a7,0.16914093,0.38479143,0.4460676
Zc3h18_Asah2,0.19816042,0.24416274,0.55767685
Alg1_Rnh1,0.1554505,0.18620951,0.65834
Slc35b1_Gab1,0.25004894,0.16124688,0.58870417
Rprd2_Fabp3,0.25738463,0.17881432,0.5638011
Ticam1_Fcgr1,0.46885577,0.113814615,0.41732964
Vps37a_Pycard,0.3835949,0.08685273,0.52955234
Pnisr_Zfp36l2,0.36878183,0.06805047,0.56316775
Mettl14_Ifit1,0.23527715,0.06485942,0.69986343
Alg1_Pou2f2,0.21175951,0.12579206,0.6624484
Zc3h13_Slc7a11,0.29788372,0.1831361,0.5189802
Maea_Oas1b,0.6467493,0.13962366,0.21362704
Ddx10_Cnn2,0.22030039,0.25387433,0.52582526
Ticam1_Prkg1,0.75836885,0.04601515,0.19561602
Tsr2_Mif,0.27936384,0.10030814,0.620328
Trappc4_Pcgf3,0.29876944,0.08808214,0.6131484
Vps52_Ccl12,0.28745335,0.16064464,0.55190206
Plcg2_Ptgs2,0.18871878,0.33613953,0.4751417
Fip1l1_Mis18a,0.4369663,0.043639272,0.51939446
Zc3h4_6330562C20Rik,0.29876944,0.08808214,0.6131484
Aars_Pirb,0.29876944,0.08808214,0.6131484
Rab1a_Gstm1,0.4753408,0.038727745,0.48593143
Lsm4_Cst3,0.21725711,0.10176595,0.680977
Zc3h13_Csf1,0.4003897,0.1629845,0.4366258
Brap_Rab23,0.18381701,0.14018025,0.6760027
Zc3h13_Cbr3,0.41516757,0.07897965,0.50585276
Zc3h4_F830045P16Rik,0.16914093,0.38479143,0.4460676
Arpc4_Fcgr1,0.58332974,0.093891844,0.32277846
Mepce_Lipg,0.35351005,0.17265041,0.47383955
Polr2g_Ass1,0.4205897,0.11247004,0.4669403
Pbrm1_Lgmn,0.42293978,0.14665231,0.43040794
Brap_Hmga1,0.5085207,0.1391326,0.35234663
Ctr9_Sertad2,0.35644096,0.07299465,0.5705644
Vps52_Larp4,0.26598376,0.12033197,0.6136843
Ist1_Lncpint,0.29876944,0.08808214,0.6131484
Vps37a_Fcgr1,0.28311634,0.11372694,0.60315675
Map3k8_Dab2,0.1974052,0.07574545,0.7268493
Myh9_Wfdc17,0.17844898,0.20054199,0.62100905
Ctr9_Rac2,0.19077998,0.050680846,0.75853914
Mcm6_Tor1aip2,0.2187593,0.13764052,0.64360017
Pnisr_Ctsd,0.36878183,0.06805047,0.56316775
Maea_Dnaja1,0.18917665,0.2667405,0.5440829
Plcg2_Ifi27l2a,0.10868597,0.2788434,0.6124706
Snapc5_Pxdc1,0.24389383,0.09594481,0.6601613
Sod1_S100a4,0.3015119,0.096417345,0.60207075
Zc3h4_Zfp36,0.11362199,0.03607288,0.85030514
Ddx10_Parp8,0.2687416,0.3179468,0.41331157
Ccdc174_Garnl3,0.21474722,0.14786965,0.6373831
Ticam1_Slc7a2,0.6405848,0.24440084,0.11501438
Ube2n_Aff1,0.40666878,0.063784204,0.529547
Myh9_Pdia6,0.28367546,0.08691852,0.62940603
Ube2n_Spp1,0.3973318,0.2231019,0.37956628
Stat1_Lsp1,0.22975054,0.32333824,0.4469112
Ints5_Rilpl2,0.23427278,0.16474815,0.6009791
Orc3_Il27,0.2408586,0.20038989,0.5587515
Bptf_Vps13b,0.12669346,0.23949721,0.6338093
Nfkb1_Pld3,0.463271,0.13471283,0.40201616
Atp2a2_Tspoap1,0.17420654,0.28925598,0.53653747
Lin52_Lgmn,0.24569736,0.18424882,0.5700538
Snapc5_Vim,0.26565397,0.12169665,0.6126494
Gemin5_Ube2e2,0.2420781,0.114403814,0.6435181
Vps54_Pdlim5,0.18059984,0.06409808,0.75530213
Nfkb1_Coro1a,0.2785215,0.14957216,0.5719063
Ticam1_Tnfsf12,0.21366617,0.36781198,0.41852188
Maea_Sdc4,0.24038911,0.23273431,0.52687657
Ap3d1_Lgmn,0.6677553,0.120887704,0.21135698
Setd1b_Nup210l,0.33903626,0.03719157,0.6237722
Bptf_Acaa2,0.21693143,0.22819631,0.5548723
Elp5_1700001C19Rik,0.29876944,0.08808214,0.6131484
Lemd3_Ifi27l2a,0.34595522,0.023242166,0.63080263
Bub3_Irak3,0.20103666,0.14725927,0.651704
Cog7_Ms4a6c,0.16861396,0.11907203,0.712314
Maea_C3ar1,0.2612405,0.22974813,0.5090114
Zc3h4_Tsc22d3,0.44221774,0.057403423,0.50037885
Ube2n_Abcc5,0.2687416,0.3179468,0.41331157
Vps37a_Trmt61b,0.29876944,0.08808214,0.6131484
Rhbdf2_H4c8,0.29876944,0.08808214,0.6131484
Pak2_C3ar1,0.28453678,0.1181158,0.59734744
Isca1_Kpna3,0.25482956,0.13199367,0.61317676
Brap_Cd74,0.19002114,0.12887952,0.68109936
Pbrm1_Gm41409,0.29876944,0.08808214,0.6131484
Ppie_Nrp2,0.47645646,0.0581255,0.46541807
Wdr82_Atad1,0.2728787,0.1761453,0.55097604
Pbrm1_Mvb12b,0.2785513,0.15070675,0.57074195
Uhrf1_Mpeg1,0.19121346,0.06992246,0.7388641
Cebpb_Cystm1,0.17844898,0.20054199,0.62100905
Maea_Rpp21,0.17830323,0.15118803,0.67050874
Fam50a_Rac2,0.3369287,0.12817784,0.53489345
Maea_Tmsb10,0.1556534,0.26175854,0.5825881
Uhrf1_Ptges,0.48749408,0.06323095,0.44927496
Lemd3_Elf1,0.33619463,0.07183255,0.5919728
Lin52_Serpinb9,0.1691422,0.09630045,0.73455733
Mettl14_Samsn1,0.33170167,0.045677014,0.6226213
Elp5_Gars,0.29876944,0.08808214,0.6131484
Ddx10_Pcmtd1,0.28940794,0.13350518,0.5770868
Zc3h18_Cd274,0.70203304,0.025394503,0.2725725
Pak2_Abcb1b,0.38450432,0.12171899,0.49377668
Lemd3_Wdr43,0.18173052,0.24641308,0.5718564
Zbtb14_Lpar1,0.21992142,0.094538435,0.6855401
Zfp407_Parp14,0.35010517,0.1467468,0.503148
Ticam1_Tut4,0.3017241,0.17515579,0.5231201
Uhrf1_Cst3,0.38314307,0.039401814,0.5774551
Tnfrsf1b_Arhgap25,0.263874,0.1644483,0.57167774
Preb_Dcaf1,0.40807444,0.12609762,0.46582788
Alg1_Prkg1,0.15876009,0.19736959,0.64387035
Fcf1_Itpr1,0.123089954,0.244301,0.632609
Fip1l1_Cdkn1a,0.24512267,0.041701593,0.7131758
Ppwd1_Gmppb,0.6983212,0.063835226,0.23784353
Rab1a_Dtx3l,0.70912486,0.11142274,0.17945239
Actr8_Pycard,0.20851631,0.20568971,0.585794
Syk_Polr1b,0.09205279,0.136046,0.77190125
Ctr9_Hyou1,0.20017414,0.11779807,0.68202776
Sod1_2900060B14Rik,0.29876944,0.08808214,0.6131484
Lin52_Ifi27l2a,0.17354804,0.16293171,0.6635203
Zc3h4_Ass1,0.61926144,0.025256336,0.35548216
Wasf2_Fabp3,0.109195374,0.073367454,0.8174372
Syk_Cst3,0.11450617,0.14543733,0.7400565
Vps16_F11r,0.31570983,0.22102553,0.46326464
Dnttip1_Nmnat3,0.3656451,0.11434274,0.52001214
Arpc4_Srxn1,0.25004894,0.16124688,0.58870417
Wdr74_Rgs14,0.11847386,0.38147768,0.50004846
Ube2n_Dennd1b,0.11874987,0.57583594,0.30541417
Syk_Gpx1,0.13765404,0.40504178,0.45730415
Arpc4_Lpl,0.271365,0.08660611,0.6420289
Aars_Mm2pr,0.29876944,0.08808214,0.6131484
Vps52_Lipg,0.53215575,0.18605009,0.28179416
Wdr74_ENSMUSG00000121501,0.29876944,0.08808214,0.6131484
Gemin5_Ptger2,0.25360677,0.21040256,0.53599066
Vps16_Fabp5,0.29901472,0.20907602,0.49190924
Atp6ap1_Ddx21,0.5993121,0.12139112,0.2792968
Sugt1_Hgf,0.26994437,0.17703138,0.55302423
Tsc1_Metrnl,0.26013353,0.044002112,0.6958644
Ddx10_Ier3,0.25482956,0.13199367,0.61317676
Syk_Basp1,0.109539375,0.07094769,0.8195129
Orc3_Slc7a11,0.31391168,0.14128068,0.5448076
Zc3h13_Fcgr1,0.3746863,0.11548107,0.5098326
Nfkb1_Fabp3,0.1375156,0.3545091,0.50797534
Stat2_Vim,0.21110483,0.20157234,0.58732283
Arpc4_Lsp1,0.30089936,0.020583076,0.6785176
Ist1_Actg1,0.35029107,0.020900521,0.62880844
Gemin5_Prelid2,0.15770543,0.06759829,0.7746963
Yae1d1_Slfn5,0.38696536,0.09966124,0.51337343
Alg1_Hpse,0.37960765,0.09966324,0.5207291
Syk_4930430E12Rik,0.29876944,0.08808214,0.6131484
Sbds_Usp18,0.29468694,0.19704501,0.508268
Isca1_Sdad1,0.2553564,0.0942527,0.6503909
Zc3h18_Ehhadh,0.1823791,0.055249356,0.76237154
Lsm4_Rnh1,0.14492725,0.13305235,0.72202045
Rbm27_Gm57321,0.29876944,0.08808214,0.6131484
Bptf_Ms4a6c,0.24581277,0.17670082,0.5774864
Actr3_Tubb2a,0.22524412,0.0282244,0.7465314
Rab1a_Ifi27l2a,0.21774878,0.17947772,0.6027735
Slc35b1_Slc37a2,0.8571153,0.029487835,0.11339687
Zbtb14_Gm56663,0.29876944,0.08808214,0.6131484
Ints5_Ifi27l2a,0.5344023,0.09429044,0.37130728
Fam50a_Ms4a6c,0.24581277,0.17670082,0.5774864
Pbrm1_ENSMUSG00000121501,0.29876944,0.08808214,0.6131484
Map3k8_Ms4a6c,0.21201833,0.24755646,0.54042524
Cops5_Cd274,0.28265536,0.060218394,0.65712625
Preb_Clic5,0.34186,0.24846569,0.40967426
Lin52_Dlgap5,0.17354804,0.16293171,0.6635203
Ppie_Slc37a2,0.27944976,0.08709279,0.6334575
Pbrm1_Cbr3,0.24341772,0.16772804,0.58885425
Fam50a_Gas5,0.29876944,0.08808214,0.6131484
Ctr9_Slc7a8,0.33097988,0.12305552,0.54596454
Pbrm1_Fcgr1,0.26780868,0.15679646,0.57539487
Lemd3_C130036L24Rik,0.29876944,0.08808214,0.6131484
Wdr74_Ifi27l2a,0.21175951,0.12579206,0.6624484
Mgat1_Prpf38b,0.23501053,0.08733149,0.677658
Bub3_Itgav,0.2654778,0.109777905,0.62474424
Ints5_Cask,0.3030739,0.10452769,0.59239835
Ppie_Cdkn1c,0.2656033,0.10944405,0.6249526
Nat10_Rnf170,0.20833433,0.11004305,0.6816227
Gemin5_B930036N10Rik,0.29876944,0.08808214,0.6131484
Fip1l1_Carmil1,0.23263396,0.18885385,0.57851213
Polr2g_Mtfr2,0.32250354,0.09624347,0.581253
Zfp407_Cdkn1a,0.22026947,0.14416085,0.6355697
Zfp407_Camk2n2,0.30973485,0.038742233,0.6515229
Rab1a_Srxn1,0.14933497,0.33941427,0.51125073
Cog7_Rac2,0.36747605,0.11317225,0.5193517
Tsr2_Sdf2l1,0.23501053,0.08733149,0.677658
Arpc4_Zbtb20,0.2454517,0.08145094,0.6730974
Uhrf1_Slc7a11,0.3273779,0.10056831,0.57205385
Stat1_Nup210l,0.30767912,0.023730436,0.6685905
Myh9_Slc20a1,0.27953282,0.10346339,0.61700374
Gemin5_Ephx1,0.24213755,0.16923691,0.58862555
Wdr73_Tnfsf12,0.16400565,0.21321991,0.6227744
Naa30_Dot1l,0.3737659,0.109035425,0.5171987
Slc35b1_AW011738,0.29876944,0.08808214,0.6131484
Cops5_Gapt,0.19713973,0.1774198,0.6254405
Tsc1_Fabp5,0.60215527,0.06473794,0.33310685
Ddx10_Gm41409,0.29876944,0.08808214,0.6131484
Aars_S100a4,0.29876944,0.08808214,0.6131484
Znhit2_Traf3ip3,0.29876944,0.08808214,0.6131484
Ist1_Pitpnc1,0.32907316,0.106998086,0.5639287
Cebpb_H2-Aa,0.11491222,0.078874856,0.8062129
Actr8_Napsa,0.23501053,0.08733149,0.677658
Isca1_Mif,0.3314577,0.08689103,0.5816513
Rpf2_Shtn1,0.3941588,0.10819785,0.4976433
Zc3h18_Zyx,0.19952959,0.14540537,0.655065
Vps54_Prrc1,0.20402512,0.062511556,0.7334633
Sod1_Nrp2,0.17266189,0.29264054,0.5346976
Sod1_Ptprs,0.30370435,0.11211356,0.5841821
Tsr2_Tubb2a,0.1800251,0.16682342,0.65315145
Bptf_Gda,0.19869862,0.2203685,0.58093286
Csnk2b_Ifit1bl1,0.3400462,0.08440611,0.5755477
Slc35b1_Ptger2,0.28311634,0.11372694,0.60315675
Tsc1_Pid1,0.29279813,0.10288237,0.6043195
Ppwd1_Plscr1,0.19979094,0.033763,0.76644605
Rhbdf2_Zfp87,0.18026301,0.12442636,0.6953106
Tnfrsf1b_Itgb8,0.24124575,0.24642485,0.5123294
Fip1l1_Nup210l,0.33903626,0.03719157,0.6237722
Nfkb1_Arg2,0.41680825,0.12619504,0.45699668
Rprd2_Kdelr2,0.22905819,0.11295566,0.65798616
Pak2_Gm2087,0.29876944,0.08808214,0.6131484
Trappc4_Ifi27l2a,0.28780773,0.08879284,0.62339944
Vps37a_Palld,0.1611515,0.09649219,0.74235624
Mgat1_Fabp5,0.14984615,0.20535155,0.6448023
Cog7_1600014C10Rik,0.29876944,0.08808214,0.6131484
Rprd2_Ppfia3,0.22905819,0.11295566,0.65798616
Preb_Usp18,0.2701606,0.22929475,0.50054467
Gemin5_Gas5,0.29876944,0.08808214,0.6131484
Zc3h4_Fblim1,0.26698023,0.19608046,0.5369393
Rprd2_Samd8,0.35871637,0.10942571,0.5318579
Ctr9_Myh9,0.101418614,0.23320048,0.6653809
Irf2bp2_Irf2bpl,0.21860448,0.31867132,0.4627242
Preb_Polr2h,0.29523835,0.14900656,0.5557551
Vps37a_Itgav,0.24850821,0.049572885,0.70191896
Vps52_Ddx18,0.17157267,0.09009844,0.7383289
Stat1_Txnrd1,0.38844666,0.10083132,0.51072204
Fam50a_Ptprs,0.12392883,0.12048573,0.75558543
Lin52_Lsp1,0.17354804,0.16293171,0.6635203
Mgat1_Pdia4,0.26770642,0.08482024,0.64747334
Mettl14_Pid1,0.25153762,0.16791077,0.5805517
Xpr1_Cdc25c,0.25176737,0.19988139,0.5483512
Mcm6_Mrpl45,0.25418115,0.13359714,0.6122217
Fcf1_Atf3,0.27462807,0.123259135,0.6021128
Cog7_Apoe,0.7539273,0.05780249,0.1882702
Dnajc9_Irak3,0.33097988,0.12305552,0.54596454
Nat10_Acsl1,0.37826824,0.16011679,0.46161494
Ppwd1_1500011B03Rik,0.29876944,0.08808214,0.6131484
Mgat1_Cat,0.39658794,0.08851389,0.5148982
Fam50a_G530011O06Rik,0.29876944,0.08808214,0.6131484
Preb_Ccnd2,0.39948878,0.04173287,0.55877835
Yae1d1_Oas1b,0.38696536,0.09966124,0.51337343
Csnk2b_Pcmtd1,0.35221297,0.40914786,0.23863912
Dnttip1_Dab2,0.30121845,0.071273066,0.62750846
Wdr74_Gm57204,0.29876944,0.08808214,0.6131484
Znhit2_S100a4,0.29876944,0.08808214,0.6131484
Syk_Raph1,0.22785921,0.090252385,0.6818884
Setd1b_Mpeg1,0.21175951,0.12579206,0.6624484
Ppwd1_Slc37a2,0.17844898,0.20054199,0.62100905
Vps37a_Gmfg,0.1611515,0.09649219,0.74235624
Lemd3_Ptprn,0.14868489,0.13650405,0.7148111
Pnisr_Ier3,0.14134817,0.1640505,0.6946013
Stat2_Cited2,0.29915082,0.09365289,0.6071963
Fip1l1_Slc28a2,0.21175951,0.12579206,0.6624484
Stat2_Acsl1,0.2310918,0.25803158,0.51087666
Actr3_Acsl1,0.21597676,0.029035497,0.7549877
Arpc4_Gpx1,0.37353584,0.10309132,0.5233728
Fam50a_Clasrp,0.35304943,0.17491049,0.47204012
Zfp407_Dtx3l,0.2656033,0.10944405,0.6249526
Fcf1_Nupr1,0.2770023,0.17197783,0.55101985
Irf2bp2_Lyz2,0.21175951,0.12579206,0.6624484
Bptf_Airn,0.29876944,0.08808214,0.6131484
Wasf2_Dab2,0.32525587,0.028016208,0.6467279
Sbds_Peli1,0.1326809,0.08936101,0.77795804
Slc35b1_Nfkbid,0.21175951,0.12579206,0.6624484
Aars_Coro1a,0.29876944,0.08808214,0.6131484
Pak2_Cd52,0.3949315,0.13118671,0.47388178
Fam50a_Tnf,0.2779792,0.15575844,0.56626236
Bub3_Dpep2,0.25004894,0.16124688,0.58870417
Nat10_Txnip,0.57515055,0.049301192,0.37554818
Zbtb7a_Atxn10,0.18801674,0.058017444,0.75396585
Myh9_Ppfia3,0.518494,0.18292579,0.2985802
Actr8_Ass1,0.22251545,0.24547344,0.53201115
Pnisr_Tcp11,0.14134817,0.1640505,0.6946013
Zbtb14_Ube2e2,0.23904681,0.17145118,0.58950204
Uhrf1_Gpx1,0.31319275,0.10510881,0.5816984
Ints5_Cnn2,0.25659105,0.06221783,0.68119115
Gemin5_Lpar1,0.3314577,0.08689103,0.5816513
Mepce_Mgst3,0.41430277,0.12151667,0.46418056
Polr2g_Slc49a4,0.27702248,0.21210729,0.5108703
Atp6ap1_C1qa,0.12293246,0.19658461,0.6804829
Gemin5_Hnrnpa1,0.13709946,0.03034169,0.8325588
Wdr82_Cd40,0.423652,0.16997777,0.40637016
Cops5_Ephx1,0.49751008,0.05326919,0.44922075
Tsr2_Eno1,0.27944976,0.08709279,0.6334575
Yae1d1_Mier1,0.38696536,0.09966124,0.51337343
Fip1l1_Itgav,0.3350817,0.16050628,0.504412
Wdr73_Rabggtb,0.23427278,0.16474815,0.6009791
Lemd3_Havcr2,0.19019786,0.2534178,0.5563843
Plcg2_Txnrd1,0.33054534,0.12694642,0.54250824
Vps16_Pid1,0.38689515,0.09019503,0.5229098
Plcg2_Nphp3,0.25980213,0.14379963,0.59639823
Zeb2_Vim,0.17841332,0.11787352,0.7037132
Wdr82_A430093F15Rik,0.29876944,0.08808214,0.6131484
Isca1_C1qc,0.24321064,0.103297316,0.65349203
Mgat1_Hdac9,0.17712702,0.056296423,0.7665765
Snapc5_Snhg20,0.29876944,0.08808214,0.6131484
Zc3h13_Pycard,0.3054563,0.06085606,0.6336876
Ppwd1_C1qc,0.36230525,0.05021822,0.5874765
Eif4g2_Ccdc88a,0.20238326,0.09550418,0.70211256
Plcg2_Zfp36,0.101989225,0.48964506,0.40836573
Nudc_Trabd,0.35219485,0.09453444,0.55327076
Fam50a_Eea1,0.3369287,0.12817784,0.53489345
Isca1_Atxn10,0.3314577,0.08689103,0.5816513
Pnisr_Slc7a11,0.338741,0.07996015,0.5812988
Wasf2_Hamp,0.45170432,0.07576171,0.47253394
Wdr74_Bub1,0.19016409,0.21304193,0.596794
Ints5_Rnf31,0.16318685,0.19864377,0.63816935
Myh9_Sla,0.9230333,0.014672166,0.062294558
Vps16_Uqcc4,0.35024175,0.07304203,0.57671624
Xpr1_Bcl2a1b,0.27702248,0.21210729,0.5108703
Zc3h4_Rhoq,0.4302186,0.05810904,0.5116724
Uhrf1_Mmp13,0.08906648,0.083431475,0.827502
Mgat1_Atf4,0.22400333,0.24600759,0.52998906
Atp2a2_Atp2b1,0.8863899,0.104734905,0.0088752
Trappc4_Eprs,0.29876944,0.08808214,0.6131484
Map3k8_C1qc,0.25870845,0.06977592,0.67151564
Gemin5_Zfp87,0.24520193,0.13422221,0.62057585
Syk_Mgst3,0.44703692,0.4583291,0.094633974
Eif4g2_Mdm2,0.33169544,0.06666904,0.6016355
Arpc4_Ap3m2,0.30121845,0.071273066,0.62750846
Stat2_Ifi209,0.29876944,0.08808214,0.6131484
Trappc4_Rhod,0.461111,0.11342514,0.42546389
Dnttip1_Zfp981,0.36369509,0.13680549,0.49949947
Zbtb14_Cbfb,0.22272725,0.0755585,0.7017143
Vps16_Fam20c,0.35620838,0.08688338,0.55690825
Zfp407_Serpinc1,0.2955159,0.12073551,0.5837486
Rprd2_Gm28935,0.29876944,0.08808214,0.6131484
Ist1_Inpp1,0.3134416,0.09412329,0.59243506
Nfkb1_Gars,0.29876944,0.08808214,0.6131484
Ddx10_Gm57204,0.29876944,0.08808214,0.6131484
Atp2a2_Dpep2,0.22093801,0.09463211,0.6844299
Csnk2b_Fryl,0.21675429,0.12328049,0.6599652
Cops5_Atf4,0.53874195,0.12198863,0.33926943
Rhbdf2_Limd2,0.2128898,0.16551179,0.62159836
Alg1_Gm13008,0.29876944,0.08808214,0.6131484
Lsm4_Cdkn1a,0.22281967,0.035300266,0.74188006
Snapc5_Cd33,0.21175951,0.12579206,0.6624484
Rpf2_Mafb,0.14139089,0.06629178,0.79231733
Zbtb14_Fut8,0.25360677,0.21040256,0.53599066
Wdr73_Slc7a11,0.2889623,0.047008175,0.6640295
Mepce_Fgf13,0.29987955,0.12222534,0.5778951
Lemd3_Carmil1,0.3720937,0.113806255,0.5141001
Setd1b_Fcgr1,0.4182576,0.10531496,0.4764274
Actr3_Pdia6,0.4055114,0.068400405,0.5260882
Xpr1_C3ar1,0.23038253,0.19225067,0.5773668
Preb_Pdxdc1,0.13661186,0.054168057,0.80922
Ddx10_Gstm1,0.2893982,0.10049788,0.6101039
Preb_Tgfbi,0.36653033,0.11521077,0.5182589
Setd1b_Mxi1,0.3169721,0.0295101,0.6535178
Rpf2_Bmper,0.24568613,0.108402155,0.64591175
Ap3d1_H2ac25,0.43071935,0.092532985,0.47674766
Maea_4930434J08Rik,0.29876944,0.08808214,0.6131484
Mepce_Ifi27l2a,0.1564938,0.14344141,0.70006484
Yae1d1_Lypd6b,0.16914093,0.38479143,0.4460676
Ist1_Mir99ahg,0.29876944,0.08808214,0.6131484
Lin52_Fcgr1,0.24569736,0.18424882,0.5700538
Rbm27_5830408C22Rik,0.29876944,0.08808214,0.6131484
Lamtor1_Gm26788,0.29876944,0.08808214,0.6131484
Lemd3_Arhgap24,0.29371205,0.20658135,0.49970657
Zeb2_Mitf,0.64130616,0.11706783,0.24162602
Vps52_Pgam1,0.29587814,0.11377382,0.590348
Rhbdf2_C1qa,0.23082832,0.18343031,0.58574134
Ddx10_Fcgr1,0.24213755,0.16923691,0.58862555
Ticam1_Cd74,0.8197476,0.086574435,0.09367793
Myh9_Ppp1r15a,0.60719794,0.0812981,0.311504
Pnisr_Mxi1,0.16604908,0.17885087,0.65510005
Vps54_S100a13,0.29898608,0.35545537,0.34555855
Vps37a_Tacc3,0.5163477,0.11316153,0.3704908
Pak2_Gstm1,0.119886994,0.120182894,0.75993013
Ube2n_Emb,0.35305434,0.07464119,0.5723045
Ddx10_Wdr43,0.3106653,0.21202868,0.477306
Lin52_Mtfr2,0.24389383,0.09594481,0.6601613
Fip1l1_Gm41409,0.29876944,0.08808214,0.6131484
Zbtb7a_Sox5os4,0.29876944,0.08808214,0.6131484
Maea_Fcgr1,0.3076966,0.13409343,0.55820996
Lin52_Mis18a,0.24569169,0.028603995,0.7257043
Orc3_Dpy19l1,0.2289835,0.21228194,0.55873454
Pbrm1_Camkk2,0.36899155,0.19689439,0.43411404
Lamtor1_Vim,0.41459873,0.13707086,0.4483304
Znhit2_Elovl2,0.29876944,0.08808214,0.6131484
Lamtor1_Fabp5,0.2968834,0.0860676,0.617049
Ppwd1_Nptx1,0.16800311,0.16375199,0.6682449
Setd1b_Cdkn1a,0.21003991,0.19300346,0.5969566
Isca1_Plk2,0.18058753,0.10600947,0.713403
Zbtb7a_Ifit1,0.19341086,0.14618956,0.66039956
Pbrm1_Pag1,0.19063908,0.09328756,0.7160734
Mcm6_Stard7,0.1703496,0.3058768,0.52377367
Zeb2_Lyz2,0.44479558,0.15901637,0.39618808
Ap3d1_Ifi27l2a,0.19333228,0.13552253,0.67114526
Preb_Glcci1,0.17136732,0.2443111,0.58432156
Xpr1_Itgb8,0.2590845,0.0786293,0.66228616
Yae1d1_Gstm1,0.2692882,0.11530807,0.6154038
Bptf_Ccdc107,0.21474722,0.14786965,0.6373831
Dnttip1_Layn,0.17138352,0.16596605,0.6626504
Ist1_Slpi,0.2742426,0.10574713,0.62001026
Irf2bp2_Ephx1,0.2813881,0.12984258,0.58876926
Ppie_Vim,0.07514629,0.18392877,0.74092495
Rab1a_Zc3h12a,0.3252734,0.075792,0.5989346
Atp2a2_Gmfg,0.24211533,0.08570768,0.672177
Polr2g_Itgav,0.21084061,0.11793375,0.67122567
Wdr74_Atp6v0a1,0.20106885,0.23947322,0.55945796
Rprd2_Pdia6,0.2637256,0.16311039,0.573164
Eif4g2_Ms4a7,0.24581277,0.17670082,0.5774864
Irf2bp2_Pdxdc1,0.17224312,0.066263385,0.7614935
Zc3h18_Ptpre,0.2294528,0.22274582,0.54780143
Map3k8_Cct3,0.35361278,0.1695384,0.4768488
Vps37a_Ass1,0.5990054,0.024411278,0.37658334
Map3k8_Cd274,0.26524043,0.21279007,0.5219695
Rhbdf2_Dusp1,0.21484342,0.09993401,0.6852225
Csnk2b_Gm38335,0.29876944,0.08808214,0.6131484
Pnisr_Gmfg,0.3070692,0.061045848,0.631885
Ppie_Rac2,0.14709131,0.12013573,0.73277295
Taf11_Slc7a11,0.42122072,0.16485462,0.41392466
Uhrf1_Arid1a,0.7262551,0.032056224,0.24168865
Uhrf1_Rnf31,0.35893473,0.114437334,0.52662796
Ccdc174_AI504432,0.29876944,0.08808214,0.6131484
Preb_Glp2r,0.14959158,0.22112305,0.62928534
Pbrm1_Zfp36l2,0.5122177,0.06520637,0.4225759
Wdr74_Nfkbiz,0.13244164,0.060894754,0.80666363
Aars_Ifit1,0.29876944,0.08808214,0.6131484
Ube2n_Sdf2l1,0.14655152,0.16133994,0.6921085
Setd1b_4930430E12Rik,0.29876944,0.08808214,0.6131484
Polr2j_Ass1,0.44867316,0.11139239,0.43993446
Zc3h13_Sec23a,0.29546973,0.21590829,0.488622
Mgat1_Sirpb1c,0.1562608,0.19131269,0.65242654
Eif4g2_Mif,0.23462826,0.24216887,0.5232029
Syk_Midn,0.14702249,0.11338821,0.7395893
Zeb2_Cdk14,0.2333267,0.06938565,0.6972877
Pnisr_Malat1,0.29876944,0.08808214,0.6131484
Actr8_Cenpx,0.21295711,0.036782756,0.7502602
Lemd3_Hgsnat,0.29616517,0.12788025,0.57595456
Pnisr_Mpeg1,0.14134817,0.1640505,0.6946013
Nudc_C1qa,0.36653033,0.11521077,0.5182589
Vps52_Ifi27l2a,0.28780773,0.08879284,0.62339944
Nudc_Asah2,0.17821813,0.049467523,0.7723143
Lamtor1_Maml3,0.3414034,0.12796749,0.5306291
Cops5_Coro1a,0.1682555,0.24149542,0.5902491
Ddx10_Irak3,0.24331439,0.13260712,0.62407845
Mgat1_Pirb,0.15404995,0.15415421,0.6917958
Actr3_Samd8,0.3452992,0.35749757,0.29720324
Ppwd1_Plk2,0.18044981,0.017798306,0.80175185
Irf2bp2_C1qa,0.42597413,0.22947715,0.34454867
Aars_Actg1,0.29876944,0.08808214,0.6131484
Tsc1_Ifit1,0.20869306,0.08341508,0.7078918
Plcg2_Pdzk1ip1,0.34272936,0.05051189,0.6067588
Orc3_Larp4,0.31299973,0.109090365,0.5779099
Dnttip1_Tnfsf13b,0.19173995,0.058831822,0.7494282
Lamtor1_Gm20633,0.29876944,0.08808214,0.6131484
Wasf2_C1qc,0.47057065,0.13912512,0.39030424
Brap_Itgav,0.24760523,0.28949893,0.46289587
Cops5_Tlcd3a,0.15770543,0.06759829,0.7746963
Actb_Irak3,0.2133533,0.061139226,0.72550744
Snapc5_Ifit1,0.21474722,0.14786965,0.6373831
Vps16_H2bc4,0.33777598,0.19286063,0.4693634
Rbm27_Wfdc17,0.17844898,0.20054199,0.62100905
Zc3h13_Mycbp2,0.64023113,0.11820413,0.24156475
Alg1_Tnip3,0.25004894,0.16124688,0.58870417
Actr8_Eprs,0.29876944,0.08808214,0.6131484
Arpc4_Gmfg,0.3531159,0.13318472,0.5136994
Wdr82_H3c14,0.29876944,0.08808214,0.6131484
Ctr9_Selenom,0.18897901,0.07185155,0.7391695
Ints5_Slc7a11,0.34668785,0.14206181,0.51125026
Znhit2_Sgk1,0.29876944,0.08808214,0.6131484
Vps54_Camkk2,0.35087326,0.15125096,0.4978758
Ccdc174_Vps13b,0.15770543,0.06759829,0.7746963
Csnk2b_D930015M05Rik,0.29876944,0.08808214,0.6131484
Wdr82_Gm47922,0.29876944,0.08808214,0.6131484
Preb_Rhov,0.18696417,0.058657106,0.75437874
Fam50a_Ptpre,0.3138801,0.17708415,0.50903577
Mepce_Abtb2,0.24213755,0.16923691,0.58862555
Wdr73_Mgst3,0.16400565,0.21321991,0.6227744
Wasf2_Ms4a6c,0.17417273,0.29025182,0.53557545
Zbtb7a_Ctnna1,0.26797062,0.11950206,0.6125273
Zc3h13_Ikbip,0.2826524,0.15131137,0.5660362
Cog7_Kdelr2,0.71934414,0.14278431,0.13787152
Lamtor1_Cdkn1c,0.47375813,0.12239341,0.4038484
Brap_Mlh1,0.24865307,0.052027058,0.69931984
Xpr1_Adgrl2,0.1487965,0.25664487,0.59455866
Zeb2_Samd8,0.24184474,0.10488202,0.6532732
Fip1l1_Plxnd1,0.2701606,0.22929475,0.50054467
Tsc1_Hexb,0.35148266,0.102227636,0.54628974
Maea_Zbtb20,0.3340354,0.20211153,0.46385306
Ist1_Gclc,0.2604243,0.2069229,0.5326528
Vps37a_Asf1a,0.4174048,0.050278407,0.53231674
Rhbdf2_Usp18,0.21484342,0.09993401,0.6852225
Rhbdf2_Actg1,0.39055845,0.12556465,0.4838769
Bub3_Isg20,0.2554818,0.21967058,0.52484757
Tsc1_Wfdc17,0.26477373,0.05521529,0.680011
Vps16_Phf21a,0.41537055,0.048816197,0.5358133
Vps54_Tnfsf12,0.17757607,0.21611586,0.60630804
Zbtb7a_F11r,0.26797062,0.11950206,0.6125273
Aars_Irf2bpl,0.29876944,0.08808214,0.6131484
Alg1_Eprs,0.29876944,0.08808214,0.6131484
Elp5_Sla,0.255632,0.16452865,0.5798393
Nfkb1_Naip2,0.33504918,0.0993201,0.56563073
Nat10_Tubb2a,0.22610295,0.31788316,0.45601395
Myh9_H2bc4,0.42523783,0.09072814,0.48403397
Elp5_Taf15,0.25678483,0.26867008,0.47454506
Zbtb14_Ctdsp2,0.37719852,0.12229293,0.50050855
Polr2j_Gm28379,0.29876944,0.08808214,0.6131484
Rbm27_Gm56817,0.29876944,0.08808214,0.6131484
Tnfrsf1b_Rab7b,0.19947278,0.09966218,0.70086503
Ppwd1_Clic5,0.16780552,0.041987985,0.7902065
Tsr2_Fem1b,0.25418115,0.13359714,0.6122217
Tnfrsf1b_Ccl12,0.329055,0.2892368,0.38170815
Ddx10_Tnfsf12,0.24213755,0.16923691,0.58862555
Pak2_Pdgfb,0.32625535,0.028930707,0.6448139
Pnisr_Ifi203,0.16604908,0.17885087,0.65510005
Setd1b_Mettl5,0.6753361,0.01600699,0.3086569
Zc3h13_Nck1,0.37268278,0.17240025,0.45491692
Ctr9_Snhg20,0.29876944,0.08808214,0.6131484
Pak2_Palld,0.27520454,0.37277365,0.35202184
Zbtb7a_Cyb5a,0.39492032,0.07052141,0.5345583
Yae1d1_Mgst3,0.16800311,0.16375199,0.6682449
Cog7_Sertad2,0.20347978,0.09171416,0.704806
Trappc4_Dlgap5,0.16060732,0.10049176,0.7389009
Lamtor1_Gadd45a,0.4788267,0.064503185,0.45667014
Actr3_Fabp5,0.23487774,0.090986066,0.6741362
Maea_Psap,0.19974399,0.10214,0.698116
Lsm4_Rnf180,0.2380622,0.1613564,0.6005814
Arpc4_Tanc2,0.11829458,0.057106018,0.82459944
Fam50a_C1qc,0.45950353,0.10914255,0.43135393
Trappc4_Fcgr1,0.17994587,0.083504625,0.7365495
Wasf2_Hmga2,0.19890112,0.09999985,0.70109904
Aars_C230037L18Rik,0.29876944,0.08808214,0.6131484
Lamtor1_Gm12319,0.29876944,0.08808214,0.6131484
Mcm6_Nptx1,0.2898768,0.11976152,0.5903617
Sugt1_Fblim1,0.29746896,0.08866915,0.61386186
Tsr2_Rab31,0.21175951,0.12579206,0.6624484
Fam50a_Hexb,0.17906971,0.07863847,0.7422918
Preb_Nrp2,0.23822275,0.15105546,0.61072177
Rpf2_Mir99ahg,0.29876944,0.08808214,0.6131484
Yae1d1_H2ac25,0.38696536,0.09966124,0.51337343
Sbds_Tor1aip2,0.35097975,0.102574095,0.54644614
Elp5_P2ry2,0.34801608,0.1297401,0.5222438
Ube2n_Stat3,0.2631572,0.34417424,0.39266855
Mepce_Sntb1,0.30973485,0.038742233,0.6515229
Wdr82_Gm14051,0.29876944,0.08808214,0.6131484
Atp2a2_Eva1b,0.13567623,0.16785124,0.6964726
Dnajc9_Mycbp2,0.23695391,0.13327748,0.6297686
Naa30_Ctsd,0.18936,0.15421203,0.65642804
Pak2_Tnfsf12,0.29123813,0.3296893,0.37907252
Eif4g2_Dab2,0.2695043,0.20683709,0.52365863
Zc3h18_Mndal,0.23401383,0.09129703,0.6746892
Vps37a_Ndrg1,0.8087141,0.016809372,0.1744765
Vps54_Ptgs2,0.2645069,0.08451958,0.6509735
Aars_Lcn2,0.29876944,0.08808214,0.6131484
Brap_Abcb4,0.32349995,0.08604815,0.59045196
Pbrm1_Gm49249,0.29876944,0.08808214,0.6131484
Polr2g_Knl1,0.344386,0.12072777,0.5348862
Zbtb7a_Tnfrsf12a,0.22403905,0.17223807,0.6037229
Zbtb7a_Insyn2a,0.12328414,0.12800124,0.74871457
Atp2a2_Lgmn,0.55854005,0.17393084,0.26752913
Vps16_Pld3,0.40540543,0.042786155,0.5518084
Ints5_Ahnak2,0.24529922,0.1018213,0.6528795
Zc3h18_Aff1,0.33578083,0.116510585,0.5477086
Orc3_Abcb1b,0.33159545,0.059200298,0.60920423
Actr8_Ifi27l2a,0.22241075,0.10336994,0.6742193
Tsc1_Airn,0.29876944,0.08808214,0.6131484
Actb_Gm2a,0.14413549,0.13638294,0.7194815
Ist1_F11r,0.23726806,0.09946595,0.663266
Polr2j_Dapk1,0.57334304,0.10572938,0.3209276
Nfkb1_Sigmar1,0.25949198,0.11004327,0.63046473
Dnajc9_Pgd,0.26598376,0.12033197,0.6136843
Rab1a_Cbr3,0.5261518,0.09505469,0.37879357
Ppwd1_Gclc,0.6983212,0.063835226,0.23784353
Zeb2_Pdia6,0.47228414,0.091634564,0.43608132
Bub3_Gmfg,0.3199915,0.1808812,0.49912724
Polr2j_Malat1,0.29876944,0.08808214,0.6131484
Yae1d1_Ucp2,0.16800311,0.16375199,0.6682449
Tnfrsf1b_Hjurp,0.34148425,0.15345259,0.5050632
Cog7_Hmga2,0.3925256,0.05789186,0.54958254
Ube2n_Rptor,0.15932555,0.4325802,0.4080943
Rprd2_Zyx,0.26450768,0.14674893,0.5887434
Ints5_Il27,0.16478074,0.16675581,0.66846347
Polr2j_Ctsd,0.28791633,0.15152287,0.5605608
Alg1_Leprotl1,0.16400565,0.21321991,0.6227744
Pak2_Dot1l,0.5617747,0.13441463,0.30381066
Fcf1_Tra2a,0.70494974,0.033852305,0.26119792
Fip1l1_Asf1a,0.28207096,0.059270337,0.65865874
Sugt1_Rnf31,0.34455392,0.09059436,0.5648517
Lamtor1_Gars,0.29876944,0.08808214,0.6131484
Eif4g2_Mafb,0.18435532,0.15054856,0.6650961
Ppie_Antxr2,0.30726352,0.12683967,0.5658968
Aars_Mapkbp1,0.29876944,0.08808214,0.6131484
Ints5_Tra2a,0.43766916,0.011151279,0.5511796
Wdr73_Cdkn1a,0.26565397,0.12169665,0.6126494
Rpf2_Zfp326,0.29876944,0.08808214,0.6131484
Stat2_H3c14,0.29876944,0.08808214,0.6131484
Lsm4_Mamdc2,0.117351204,0.19073343,0.69191533
Tnfrsf1b_Cnn2,0.2619812,0.30565783,0.43236092
Ints5_Gng11,0.2094212,0.2949822,0.49559668
Elp5_Gm13270,0.29876944,0.08808214,0.6131484
Zeb2_4933427D06Rik,0.29876944,0.08808214,0.6131484
Ints5_Malat1,0.29876944,0.08808214,0.6131484
Fam50a_Acsl1,0.18026301,0.12442636,0.6953106
Uhrf1_Prr15,0.24389383,0.09594481,0.6601613
Zc3h13_Parp8,0.21058136,0.2947259,0.4946927
Cebpb_Dgcr6,0.24389383,0.09594481,0.6601613
Plcg2_Gpx1,0.8860778,0.023291303,0.09063084
Nat10_H2bc4,0.14796928,0.2861006,0.56593007
Nat10_Mtss1,0.13138157,0.063500255,0.80511814
Pnisr_Clec12a,0.338741,0.07996015,0.5812988
Vps54_Gstm1,0.34466493,0.08793659,0.5673985
Ccdc174_Rhob,0.41071126,0.0669318,0.5223569
Fcf1_Pou2f2,0.33286577,0.07409397,0.5930403
Pnisr_Fcgr1,0.338741,0.07996015,0.5812988
Setd1b_Il27,0.41537055,0.048816197,0.5358133
Csnk2b_Pcgf5,0.16572835,0.011009641,0.82326204
Alg1_Gm49249,0.29876944,0.08808214,0.6131484
Ap3d1_Vegfd,0.17285576,0.18220004,0.64494413
Wdr73_Abhd5,0.26565397,0.12169665,0.6126494
Polr2j_Oaz2,0.24563743,0.1841396,0.570223
Naa30_Itgav,0.21526349,0.1324446,0.6522919
Atp6ap1_Sigmar1,0.37707314,0.04256528,0.5803616
Rprd2_Clic5,0.26450768,0.14674893,0.5887434
Atp2a2_H2-Aa,0.32209387,0.054153558,0.6237526
Rbm27_Eea1,0.26702103,0.24312402,0.489855
Syk_Lpl,0.31685737,0.15441717,0.52872545
Arpc4_6330562C20Rik,0.29876944,0.08808214,0.6131484
Orc3_Ptgs2,0.49775675,0.14976282,0.35248038
Zeb2_Cyb5a,0.16686454,0.19523323,0.63790226
Actr3_Myh9,0.95672786,0.03516546,0.008106734
Zc3h13_Adgre1,0.38840237,0.23360147,0.37799615
Preb_Stag1,0.4021857,0.09565193,0.5021624
Lin52_Ube2t,0.24389383,0.09594481,0.6601613
Ap3d1_Irak3,0.19730878,0.16910629,0.6335849
Eif4g2_Vim,0.17737238,0.5484181,0.2742095
Ist1_Fpr1,0.27122438,0.1474276,0.58134806
Maea_Dapk1,0.6847353,0.13316432,0.18210036
Atp6ap1_Plk2,0.23802583,0.02465021,0.737324
Zc3h4_Malat1,0.29876944,0.08808214,0.6131484
Sbds_Kpna3,0.3196041,0.09171601,0.5886799
Bub3_ENSMUSG00000121501,0.29876944,0.08808214,0.6131484
Tsr2_Trp53inp1,0.2637256,0.16311039,0.573164
Polr2g_Lsp1,0.24213755,0.16923691,0.58862555
Mettl14_Rab31,0.36751792,0.17633556,0.45614654
Vps16_Cat,0.35620838,0.08688338,0.55690825
Map3k8_Kpna3,0.5037719,0.14073262,0.35549548
Cog7_Hdac9,0.25418115,0.13359714,0.6122217
Nudc_Plscr1,0.29912436,0.15073518,0.5501405
Ppwd1_Dlg1,0.16780552,0.041987985,0.7902065
Cops5_Spp1,0.35755813,0.23230317,0.4101387
Taf11_Adgre1,0.21986677,0.1721453,0.6079879
Ccdc174_Shtn1,0.17993076,0.059246022,0.76082325
Naa30_Gstm1,0.7241151,0.042607944,0.23327702
Bptf_Gm57321,0.29876944,0.08808214,0.6131484
Myh9_Tnfrsf4,0.17361072,0.23375708,0.5926322
Actb_Cd74,0.8974587,0.06615864,0.0363827
Trappc4_Slc7a11,0.24834351,0.05109695,0.70055956
Ticam1_Irgm2,0.5125095,0.053318597,0.43417192
Ints5_Nck1,0.3030739,0.10452769,0.59239835
Ctr9_Sgpl1,0.23504616,0.09115674,0.6737971
Ap3d1_Ahnak2,0.18255632,0.06993361,0.7475101
Ccdc174_Emb,0.21474722,0.14786965,0.6373831
Yae1d1_Mycbp2,0.38696536,0.09966124,0.51337343
Bptf_Gm10134,0.29876944,0.08808214,0.6131484
Dnajc9_Plp2,0.20511514,0.04201815,0.7528667
Ube2n_Npm3,0.28207096,0.059270337,0.65865874
Zc3h18_Gm31522,0.29876944,0.08808214,0.6131484
Dnajc9_Adgre1,0.26262715,0.15129504,0.5860778
Tsc1_Clic5,0.25945008,0.424078,0.3164719
Ist1_Metrnl,0.2605828,0.14166942,0.59774774
Fam50a_5830408C22Rik,0.29876944,0.08808214,0.6131484
Csnk2b_Bcl2l2,0.11784981,0.10348213,0.77866805
Sugt1_Tut4,0.0614201,0.12664138,0.8119385
Bptf_Cited2,0.53658825,0.114484444,0.3489273
Vps54_Cdkn1a,0.27843478,0.16285914,0.5587061
Ints5_Prrc1,0.29780415,0.07023025,0.63196564
Lamtor1_Plxna2,0.43071935,0.092532985,0.47674766
Actr8_Ctsd,0.29658434,0.090220034,0.6131956
Actr8_Pnp2,0.22697091,0.05678359,0.7162455
Ctr9_Metrnl,0.32363477,0.09871754,0.5776477
Znhit2_Ms4a6c,0.29876944,0.08808214,0.6131484
Pak2_Ass1,0.5600441,0.062070858,0.377885
Xpr1_Ptges,0.15501633,0.08437698,0.7606067
Bub3_Zfp937,0.2294528,0.22274582,0.54780143
Preb_Tceal8,0.38696536,0.09966124,0.51337343
Sugt1_Ccl12,0.33022794,0.11330897,0.55646306
Pbrm1_Ifi27l2a,0.20464048,0.17406127,0.6212983
Zbtb14_Tet2,0.20127259,0.07218946,0.72653794
Mepce_Srxn1,0.19688426,0.4525582,0.35055748
Lamtor1_C1qc,0.24623631,0.11848421,0.63527954
Fcf1_Fgf13,0.27920723,0.08058712,0.6402057
Rhbdf2_Tgfbi,0.25045428,0.31065804,0.4388877
Ppwd1_Gas5,0.29876944,0.08808214,0.6131484
Vps16_AW112010,0.29876944,0.08808214,0.6131484
Wdr74_Lipg,0.25788456,0.17809694,0.56401855
Ctr9_Ifi209,0.29876944,0.08808214,0.6131484
Atp2a2_Cnn2,0.28361228,0.06477664,0.6516111
Stat1_Slc28a2,0.21175951,0.12579206,0.6624484
Wdr73_Cpeb4,0.23721169,0.13989057,0.62289774
Nudc_Fem1b,0.29587814,0.11377382,0.590348
Zbtb14_Coro1a,0.31471822,0.07693113,0.6083507
Elp5_Stard7,0.18682246,0.1856794,0.6274981
Zc3h18_Vim,0.12902406,0.06770879,0.8032671
Xpr1_Supt3,0.25176737,0.19988139,0.5483512
Trappc4_Coprs,0.31424803,0.21597053,0.46978143
Polr2j_Gm28187,0.29876944,0.08808214,0.6131484
Cebpb_Gm48727,0.29876944,0.08808214,0.6131484
Ddx10_Napsa,0.29826805,0.057558164,0.6441738
Polr2g_Amdhd2,0.39475998,0.062388133,0.54285187
Preb_Rac2,0.36464465,0.14504813,0.4903072
Myh9_Plxna2,0.37372267,0.13888021,0.4873971
Sugt1_Ifi27l2a,0.26942056,0.09138135,0.63919806
Polr2j_ENSMUSG00000121501,0.29876944,0.08808214,0.6131484
Eif4g2_Slfn9,0.18682282,0.43522868,0.3779485
Cog7_Rnf145,0.33052984,0.13299645,0.5364737
Sugt1_Fcgr1,0.36653033,0.11521077,0.5182589
Trappc4_Apobec3,0.35721448,0.2054351,0.43735045
Vps52_Tnip3,0.25176737,0.19988139,0.5483512
Fam50a_Slfn8,0.35304943,0.17491049,0.47204012
Pak2_Tsc22d3,0.35270244,0.19187503,0.45542252
Ddx10_Nr1d1,0.3283266,0.11435636,0.557317
Nfkb1_Kpna3,0.3196041,0.09171601,0.5886799
Ccdc174_Sdr39u1,0.32389116,0.06262273,0.61348605
Ap3d1_Fblim1,0.22106878,0.10949023,0.669441
Mcm6_Taf15,0.26620767,0.0898305,0.64396185
Actr3_Actg1,0.5000772,0.2245806,0.2753422
Cog7_Taf15,0.20347978,0.09171416,0.704806
Atp6ap1_Pid1,0.22111993,0.14034106,0.638539
Preb_Atf4,0.18372396,0.040325906,0.7759502
Wdr74_Flna,0.38430187,0.13812995,0.47756812
Setd1b_Saal1,0.16604908,0.17885087,0.65510005
Trappc4_Gstm1,0.5524098,0.05463169,0.39295846
Dnttip1_Samsn1,0.13445766,0.07012528,0.795417
Setd1b_Gm15832,0.29876944,0.08808214,0.6131484
Ints5_Rbpms,0.31785724,0.09819866,0.58394414
Wdr73_Mvb12b,0.36878183,0.06805047,0.56316775
Pbrm1_Armc9,0.44843262,0.07787634,0.473691
Mgat1_Sbno2,0.21992142,0.094538435,0.6855401
Nudc_Plk2,0.25019187,0.13716482,0.61264336
Nudc_Ccdc107,0.21474722,0.14786965,0.6373831
Ppie_S100a4,0.20938985,0.14062715,0.649983
Eif4g2_Gda,0.27906236,0.27409264,0.44684505
Pbrm1_Slc7a2,0.30125403,0.17687804,0.52186793
Csnk2b_Irak3,0.6366487,0.1315065,0.23184478
Lsm4_Ass1,0.5567904,0.030149562,0.41306004
Ppwd1_Hdac9,0.73917866,0.012986183,0.2478352
Zbtb14_Fcho2,0.15824047,0.05384916,0.78791034
Ppie_Cyb5a,0.16392423,0.13881786,0.6972579
Sod1_Jdp2,0.3453021,0.09282935,0.5618686
Atp6ap1_Pltp,0.32307047,0.24027912,0.4366504
Nat10_Pid1,0.25153762,0.16791077,0.5805517
Lin52_Ulk4,0.17354804,0.16293171,0.6635203
Actr3_Zfp398,0.32923153,0.13745803,0.5333105
Rbm27_Snhg20,0.29876944,0.08808214,0.6131484
Yae1d1_Abtb2,0.16914093,0.38479143,0.4460676
Gemin5_Gda,0.18682246,0.1856794,0.6274981
Zc3h4_Supt3,0.4692186,0.08146197,0.44931942
Nat10_Arhgap18,0.093208045,0.06361805,0.84317386
Sbds_AW112010,0.29876944,0.08808214,0.6131484
Actr3_Gm56663,0.29876944,0.08808214,0.6131484
Wdr74_Pcgf5,0.24153686,0.07892784,0.6795353
Lemd3_Lipg,0.45221862,0.08676607,0.4610153
Atp2a2_Ucp2,0.17553988,0.120372206,0.7040879
Stat1_Rcan1,0.23435007,0.1023955,0.6632544
Setd1b_Bcl2a1b,0.305358,0.10150088,0.59314114
Elp5_Atf4,0.12671097,0.050863583,0.8224254
Nat10_Slfn9,0.34655458,0.11793024,0.5355152
Vps54_Or8b53,0.17141382,0.22958381,0.5990024
Zfp407_Gmfg,0.14813931,0.108609095,0.74325156
Irf2bp2_Tacc1,0.24751179,0.0790529,0.67343533
Polr2g_Parp8,0.21058136,0.2947259,0.4946927
Rhbdf2_S100a4,0.24778353,0.1190763,0.6331402
Pnisr_Mad2l1,0.12512696,0.0840267,0.7908464
Yae1d1_Stat4,0.38696536,0.09966124,0.51337343
Tsc1_Phlda1,0.27158144,0.12862614,0.5997924
Mgat1_Cd274,0.32591057,0.059171736,0.6149177
Wdr82_Lcn2,0.3645582,0.114792615,0.5206492
Rab1a_2700099C18Rik,0.29876944,0.08808214,0.6131484
Polr2g_Tut4,0.16683511,0.07029743,0.76286745
Actr3_Ms4a6c,0.1778019,0.1627662,0.6594319
Zc3h13_Mgst3,0.2032755,0.096796826,0.6999277
Uhrf1_Dusp2,0.4750592,0.06551145,0.45942932
Ticam1_Gm46189,0.29876944,0.08808214,0.6131484
Ddx10_Csf1,0.23597816,0.15555534,0.6084665
Brap_Slc35f6,0.13479933,0.1247917,0.7404089
Stat1_Ass1,0.28810975,0.043675024,0.6682153
Yae1d1_Clec12a,0.16914093,0.38479143,0.4460676
Sod1_Hmga2,0.14855787,0.06347002,0.7879721
Syk_Rnh1,0.2653771,0.14503786,0.58958507
Zbtb7a_Mafb,0.29790756,0.05812812,0.6439643
Rpf2_Atad1,0.19308782,0.0526365,0.7542756
Ube2n_Phf21a,0.2635557,0.2188326,0.5176117
Nfkb1_Pid1,0.42832634,0.05515142,0.5165222
Ticam1_Cst3,0.34586984,0.3422138,0.31191632
Actr8_Slc7a11,0.42869046,0.13705857,0.434251
Lemd3_Gstm1,0.24213755,0.16923691,0.58862555
Naa30_Zdhhc14,0.265707,0.13116136,0.60313165
Mepce_Mcu,0.29121283,0.072740845,0.63604635
Lin52_Amdhd2,0.29776683,0.07743518,0.624798
Dnttip1_Inpp1,0.3134416,0.09412329,0.59243506
Sod1_Zfp516,0.29876944,0.08808214,0.6131484
Dnajc9_Ifi27l2a,0.21496044,0.11339822,0.67164135
Wasf2_Hdac9,0.20687577,0.065058075,0.72806615
Zbtb7a_Cct3,0.26832935,0.15839286,0.5732778
Pbrm1_Asf1a,0.55883986,0.075593345,0.3655668
Zc3h4_Gstm1,0.74266225,0.047730975,0.20960677
Dnajc9_Pag1,0.31857896,0.13372083,0.5477002
Brap_Parp8,0.31914547,0.11979082,0.5610637
Actr8_Cdt1,0.26161885,0.03514521,0.7032359
Uhrf1_Irf8,0.40883157,0.056508925,0.5346595
Ddx10_Ifi27l2a,0.19635664,0.118821435,0.68482196
Vps52_Pdgfb,0.42749158,0.060405876,0.51210254
Plcg2_Lpl,0.2906765,0.013355412,0.69596803
Rpf2_Cd274,0.41236618,0.106397174,0.4812367
Polr2g_Ifi27l2a,0.19635664,0.118821435,0.68482196
Rprd2_Pik3cg,0.3350817,0.16050628,0.504412
Mgat1_Vim,0.47652045,0.31113687,0.21234265
Nfkb1_Flt1,0.25135136,0.19562927,0.55301934
Trappc4_H1f4,0.29876944,0.08808214,0.6131484
Actr8_Gria3,0.30992553,0.13561133,0.55446315
Yae1d1_Lipg,0.16800311,0.16375199,0.6682449
Zfp407_Basp1,0.23538415,0.26094845,0.5036674
Rprd2_Gas5,0.29876944,0.08808214,0.6131484
Aars_Wfdc17,0.29876944,0.08808214,0.6131484
Actr3_Arg2,0.34003305,0.10317536,0.5567916
Elp5_Eno1,0.08073651,0.0565743,0.8626892
Orc3_Irak3,0.2832972,0.14034055,0.57636225
Irf2bp2_Rac2,0.15662163,0.09968564,0.74369276
Sbds_5330438D12Rik,0.29876944,0.08808214,0.6131484
Ticam1_Cenpx,0.4017613,0.09292739,0.5053113
Zfp407_Gstm1,0.3104774,0.08020936,0.60931325
Zbtb7a_Pid1,0.18494678,0.16403495,0.6510183
Csnk2b_Gng11,0.12690893,0.5088421,0.36424893
Isca1_Pde4d,0.31886584,0.096903734,0.5842304
Zc3h4_Gm10522,0.29876944,0.08808214,0.6131484
Orc3_Lpl,0.2408586,0.20038989,0.5587515
Tsr2_Hagh,0.32250354,0.09624347,0.581253
Zc3h4_Hgsnat,0.47769865,0.083480105,0.4388213
Actb_Mmp8,0.28660923,0.08369919,0.62969154
Rbm27_Plscr3,0.37361073,0.13341063,0.49297863
Nudc_Gm47922,0.29876944,0.08808214,0.6131484
Wdr82_Hmga2,0.45161146,0.14080411,0.4075844
Ticam1_Ifi27l2a,0.16883771,0.21187451,0.6192877
Ticam1_Dlgap5,0.2402966,0.178284,0.5814194
Ints5_Slc2a1,0.30546588,0.11879102,0.5757431
Vps16_Gm47882,0.29876944,0.08808214,0.6131484
Csnk2b_Slfn5,0.38696536,0.09966124,0.51337343
Mettl14_Wfdc17,0.17844898,0.20054199,0.62100905
Atp6ap1_Fabp5,0.23768757,0.12038416,0.6419283
Gemin5_Dusp6,0.3096663,0.058396094,0.6319376
Rbm27_Plk2,0.29013562,0.07714684,0.6327175
Vps16_Fabp3,0.31173602,0.0586403,0.6296237
Uhrf1_Srsf7,0.27434665,0.054748554,0.6709048
Mgat1_Jdp2,0.19635664,0.118821435,0.68482196
Wdr82_Cbfb,0.49953333,0.03281471,0.46765193
Lamtor1_Pld3,0.5373579,0.016502189,0.44613984
Nudc_Nfil3,0.26001444,0.06432754,0.67565805
Vps52_Rere,0.22887343,0.10624623,0.66488034
Stat1_ENSMUSG00000121501,0.29876944,0.08808214,0.6131484
Maea_Irak3,0.5101827,0.1005504,0.38926694
Ticam1_Ptgs2,0.2354304,0.034038328,0.7305313
Bub3_Ass1,0.36667046,0.16795523,0.4653743
Ctr9_Cyb5a,0.39492032,0.07052141,0.5345583
Polr2j_Ifi27l2a,0.2187593,0.13764052,0.64360017
Xpr1_Lsp1,0.23038253,0.19225067,0.5773668
Tnfrsf1b_Gm20275,0.29876944,0.08808214,0.6131484
Rpf2_Txnip,0.10813937,0.033394042,0.85846657
Myh9_Phlda1,0.467114,0.1856454,0.3472406
Pak2_Lsp1,0.16565263,0.16773331,0.666614
Ppwd1_Fcgr3,0.17844898,0.20054199,0.62100905
Fip1l1_Saal1,0.30428588,0.16594124,0.5297729
Tsr2_Ldha,0.32250354,0.09624347,0.581253
Rprd2_Ifit1,0.26178208,0.083792,0.6544259
Cog7_AI504432,0.29876944,0.08808214,0.6131484
Tsr2_Aebp2,0.41071126,0.0669318,0.5223569
Alg1_Cdkn1a,0.21175951,0.12579206,0.6624484
Cops5_Ifit1,0.26893106,0.16917446,0.56189454
Dnttip1_Cd40,0.2594402,0.13555466,0.60500515
Zbtb7a_Flt1,0.26797062,0.11950206,0.6125273
Snapc5_Trp53rkb,0.29876944,0.08808214,0.6131484
Zc3h18_Nfil3,0.35278708,0.10824444,0.53896844
Brap_Gpx1,0.19977546,0.22263972,0.5775848
Fip1l1_Astl,0.29600826,0.12169662,0.5822951
Pbrm1_Gpx1,0.18995641,0.25010076,0.55994284
Ppie_Coro1a,0.2724916,0.0989726,0.62853575
Alg1_Ifi27l2a,0.2652638,0.06077472,0.67396146
Ube2n_Prpf4,0.2724404,0.096489936,0.63106966
Actr3_Coro1a,0.8187587,0.089487344,0.09175392
Alg1_Itgav,0.13146485,0.14363438,0.7249007
Taf11_Timm9,0.22948012,0.13381451,0.6367054
Dnajc9_Dapk1,0.15667759,0.10324582,0.74007654
Preb_Plcb4,0.1422833,0.18887258,0.66884416
Pnisr_Ifi27l2a,0.14134817,0.1640505,0.6946013
Sbds_Txnip,0.29012278,0.26528752,0.44458964
Myh9_Cat,0.19489928,0.11312286,0.69197786
Ddx10_Gng11,0.15227418,0.05391051,0.79381526
Alg1_Ifngr1,0.16400565,0.21321991,0.6227744
Sbds_Mif,0.23164359,0.06443908,0.7039173
Brap_Malat1,0.29876944,0.08808214,0.6131484
Mgat1_Dusp1,0.26770642,0.08482024,0.64747334
Ticam1_Clec9a,0.34893686,0.3034006,0.34766254
Eif4g2_H2bc4,0.3019013,0.10863015,0.58946854
Tnfrsf1b_Ddx18,0.2807799,0.19155073,0.5276693
Isca1_Antxr2,0.45221862,0.08676607,0.4610153
Stat2_Gda,0.12801506,0.1115851,0.7603999
Rab1a_ENSMUSG00000121501,0.29876944,0.08808214,0.6131484
Syk_C3ar1,0.2728898,0.18000437,0.5471058
Actb_Sdc4,0.52802193,0.22378388,0.24819417
Wdr73_Irf8,0.23721169,0.13989057,0.62289774
Isca1_Clic5,0.27126336,0.1961756,0.532561
Sod1_B930036N10Rik,0.29876944,0.08808214,0.6131484
Uhrf1_Cxcl11,0.3680349,0.14964324,0.48232183
Dnajc9_4930434J08Rik,0.29876944,0.08808214,0.6131484
Zfp407_Mgst3,0.15824047,0.05384916,0.78791034
Fcf1_Prpf38a,0.70494974,0.033852305,0.26119792
Ticam1_Itgb8,0.34448966,0.25379878,0.4017115
Lsm4_Slc2a6,0.22970082,0.14239974,0.6278994
Orc3_Rab7b,0.22296758,0.16233021,0.6147022
Fcf1_Ass1,0.3941627,0.0629516,0.5428857
Aars_Ptprm,0.29876944,0.08808214,0.6131484
Lin52_Hjurp,0.17354804,0.16293171,0.6635203
Ints5_Plxna4os1,0.29876944,0.08808214,0.6131484
Vps54_Eeig2,0.24389383,0.09594481,0.6601613
Vps37a_Slc7a11,0.24850821,0.049572885,0.70191896
Bub3_Lsp1,0.14137691,0.31643525,0.5421878
Tnfrsf1b_Bin2,0.2800049,0.06259488,0.65740025
Nudc_Gas5,0.29876944,0.08808214,0.6131484
Aars_Atf4,0.29876944,0.08808214,0.6131484
Csnk2b_Gsdmd,0.32905847,0.11398125,0.5569603
Arpc4_Cnn2,0.77636385,0.03984405,0.18379211
Mcm6_Ptprm,0.4932464,0.055021465,0.4517322
Ap3d1_Tdp2,0.19338642,0.22378553,0.58282804
Dnttip1_Ripk2,0.13034672,0.07654214,0.79311115
Arpc4_Slc7a11,0.2637256,0.16311039,0.573164
Ube2n_Peli1,0.441141,0.40148458,0.15737444
Gemin5_H2bc4,0.34767053,0.16481256,0.48751685
Ddx10_Trmt61b,0.29876944,0.08808214,0.6131484
Preb_Cyb5a,0.49371454,0.021588825,0.48469657
Fcf1_Ccl12,0.25325435,0.24500477,0.5017409
Uhrf1_Midn,0.4050682,0.09727715,0.4976547
Xpr1_Pcgf5,0.25176737,0.19988139,0.5483512
Tsc1_Col11a2,0.42192468,0.084093995,0.4939814
Actr3_Hmga2,0.21046244,0.13742363,0.6521139
Nfkb1_Ppfia3,0.16813736,0.08172976,0.7501329
Ints5_Mgst3,0.25814623,0.083051585,0.65880215
Eif4g2_Hira,0.2985353,0.14648579,0.5549789
Wdr82_Snhg8,0.29876944,0.08808214,0.6131484
Wdr73_Tut4,0.26565397,0.12169665,0.6126494
Arpc4_Itgb8,0.22567968,0.06476941,0.7095509
Slc35b1_Flrt2,0.2652638,0.06077472,0.67396146
Ticam1_Trem1,0.28838032,0.2583085,0.4533112
Zeb2_Snhg8,0.29876944,0.08808214,0.6131484
Ccdc174_Clic5,0.15770543,0.06759829,0.7746963
Rprd2_Jdp2,0.24952185,0.047989126,0.702489
Vps54_Soat2,0.31132758,0.33008194,0.35859045
Zeb2_Hamp,0.34660828,0.34573686,0.30765483
Rprd2_Hyou1,0.25482956,0.13199367,0.61317676
Xpr1_Dhrs1,0.14134817,0.1640505,0.6946013
Orc3_Gng11,0.2294528,0.22274582,0.54780143
Ist1_Cd274,0.35129863,0.004429087,0.6442723
Slc35b1_Snhg20,0.29876944,0.08808214,0.6131484
Actr8_Uhrf1bp1l,0.29876944,0.08808214,0.6131484
Actb_Actn1,0.96660167,0.009579651,0.023818677
Fcf1_Tubb5,0.13600108,0.24212113,0.6218778
Vps16_Flrt2,0.19576828,0.13437851,0.6698532
Alg1_Ctsd,0.38465634,0.16389115,0.45145246
Rbm27_Gm56864,0.29876944,0.08808214,0.6131484
Lsm4_Ccl12,0.2792692,0.19045281,0.53027797
Mettl14_Cyb5a,0.18592079,0.14588633,0.66819286
Nfkb1_Gadd45a,0.3350735,0.067497574,0.597429
Nfkb1_St18,0.28226224,0.20124081,0.51649696
Dnttip1_Dusp6,0.3196041,0.09171601,0.5886799
Setd1b_Il36a,0.25482956,0.13199367,0.61317676
Wdr73_Tspoap1,0.29780415,0.07023025,0.63196564
Sod1_Mdm2,0.20465802,0.088924274,0.70641774
Snapc5_Irf7,0.38420418,0.14202705,0.4737688
Pbrm1_Mctp1,0.21040684,0.18306662,0.60652655
Elp5_Cyb5a,0.18042223,0.14644837,0.6731294
Map3k8_Aebp2,0.18652235,0.24578853,0.5676891
Rprd2_Taf15,0.2737303,0.06180205,0.66446763
Ddx10_Adgrl2,0.24213755,0.16923691,0.58862555
Taf11_Clec12a,0.33905464,0.1762354,0.48470992
Ap3d1_Cpeb4,0.41807714,0.063529566,0.5183933
Mepce_Or8b53,0.18652235,0.24578853,0.5676891
Elp5_Acsl1,0.35090116,0.09475398,0.55434483
Fcf1_Mcu,0.25466946,0.20058951,0.54474103
Ppwd1_C1qa,0.36230525,0.05021822,0.5874765
Lemd3_Palld,0.3720937,0.113806255,0.5141001
Vps52_Rgs14,0.47649854,0.093224466,0.430277
Rpf2_Tubb2a,0.24498309,0.151609,0.6034079
Ppwd1_Cd274,0.50157773,0.24118347,0.25723875
Wdr73_Tma16,0.24451497,0.15547305,0.600012
Polr2g_Lgmn,0.23501053,0.08733149,0.677658
Cebpb_Fmr1nb,0.21474722,0.14786965,0.6373831
Dnajc9_Slc8a1,0.3832338,0.074860066,0.5419061
Ap3d1_Zfp36l2,0.48454714,0.072863854,0.442589
Pak2_Gas6,0.20716426,0.011321558,0.7815142
Elp5_St18,0.41336656,0.15270449,0.4339289
Polr2j_Gas6,0.22746554,0.3615558,0.41097867
Ist1_Ppfia3,0.4643524,0.023893848,0.5117538
Preb_Ptprs,0.2964717,0.12352355,0.5800048
Wdr74_Msi2,0.2813881,0.12984258,0.58876926
Plcg2_Hmga1,0.1505368,0.44701603,0.40244716
Tnfrsf1b_Lipg,0.3273779,0.10056831,0.57205385
Wasf2_Plk2,0.21958372,0.10973396,0.6706823
Trappc4_Samd11,0.2617868,0.18086638,0.5573468
Nfkb1_Dgkh,0.24323519,0.1438667,0.6128981
Xpr1_Tanc2,0.35016066,0.09302451,0.55681485
Sod1_5930403N24Rik,0.29876944,0.08808214,0.6131484
Wdr74_Smim14,0.15770543,0.06759829,0.7746963
Rhbdf2_Hmga2,0.29373863,0.12835099,0.57791036
Lin52_Hrob,0.24389383,0.09594481,0.6601613
Pnisr_Gstm1,0.36878183,0.06805047,0.56316775
Arpc4_Gstm1,0.24952185,0.047989126,0.702489
Zbtb14_Pirb,0.35153204,0.12558952,0.5228784
Irf2bp2_Apoe,0.2508557,0.11349349,0.6356508
Ppwd1_Spopl,0.67076963,0.06127554,0.2679548
Elp5_Coro1a,0.41417187,0.12949447,0.45633364
Rbm27_Pik3cg,0.25799412,0.05664391,0.685362
Map3k8_Hdlbp,0.25799412,0.05664391,0.685362
Taf11_Dnaja1,0.21753827,0.028405042,0.75405663
Slc35b1_Sdf2l1,0.33903626,0.03719157,0.6237722
Stat1_Isg20,0.1134214,0.056162346,0.8304163
Vps37a_Gstm1,0.35266843,0.06656304,0.5807685
Setd1b_Adgre1,0.24213755,0.16923691,0.58862555
Rprd2_Bloc1s6,0.32344228,0.12167037,0.55488735
Tnfrsf1b_Ptgs2,0.18871878,0.33613953,0.4751417
Nfkb1_H2bc4,0.35772005,0.08098337,0.5612966
Zc3h13_Cd52,0.24925104,0.12638748,0.62436146
Plcg2_Rhoq,0.30790246,0.11089671,0.58120084
Rpf2_Tet2,0.24622948,0.113100275,0.64067024
Xpr1_Gstm1,0.40577188,0.048639152,0.54558897
Rab1a_Slc7a11,0.42829666,0.049751144,0.5219522
Snapc5_Il1rl2,0.20924416,0.11740737,0.6733484
Rbm27_Actg1,0.33399484,0.10683466,0.55917054
Vps54_Cx3cr1,0.41410762,0.21847089,0.3674215
Pak2_Cst3,0.19542702,0.1498459,0.6547271
Tsr2_Actg1,0.21175951,0.12579206,0.6624484
Preb_Sdf2l1,0.25130087,0.104189634,0.6445095
Taf11_Ass1,0.42327794,0.08385249,0.4928696
Snapc5_Snhg8,0.29876944,0.08808214,0.6131484
Pak2_Cnn2,0.26671633,0.061781984,0.6715017
Rhbdf2_Gm56817,0.29876944,0.08808214,0.6131484
Ints5_Isg20,0.28922495,0.067382686,0.6433924
Sod1_Tet2,0.30881485,0.03626689,0.65491825
Wasf2_C1qa,0.23776238,0.07798751,0.6842501
Ticam1_Tmsb10,0.20580804,0.14707851,0.64711344
Elp5_Fut8,0.27944976,0.08709279,0.6334575
Gemin5_H4c8,0.29876944,0.08808214,0.6131484
Snapc5_Hdlbp,0.50157773,0.24118347,0.25723875
Myh9_Fabp5,0.20854877,0.052001324,0.7394499
Ticam1_Ass1,0.16045353,0.02067079,0.8188757
Lamtor1_Ephx1,0.16641212,0.09262942,0.74095845
Zeb2_F11r,0.23042949,0.23562633,0.5339442
Lin52_2700099C18Rik,0.29876944,0.08808214,0.6131484
Dnajc9_Dusp2,0.3832338,0.074860066,0.5419061
Znhit2_Sertad2,0.29876944,0.08808214,0.6131484
Atp2a2_Cuedc1,0.26178208,0.083792,0.6544259
Vps52_Ptgs2,0.3714438,0.18941389,0.43914226
Fip1l1_Dnajb3,0.2594402,0.13555466,0.60500515
Mgat1_Mafb,0.34484372,0.08583348,0.56932276
Brap_Ppfibp1,0.2689544,0.1088208,0.6222248
Polr2j_Ifi203,0.24365613,0.25544494,0.50089896
Irf2bp2_Vim,0.24374576,0.28757593,0.46867833
Csnk2b_Havcr2,0.27722752,0.17530964,0.5474629
Aars_Rac2,0.29876944,0.08808214,0.6131484
Mgat1_Mitf,0.25701427,0.086565346,0.65642035
Fam50a_C1qa,0.45950353,0.10914255,0.43135393
Nudc_Atp8b4,0.3518054,0.092864946,0.5553296
Tsr2_Tnfaip3,0.25418115,0.13359714,0.6122217
Naa30_Ifi27l2a,0.20347978,0.09171416,0.704806
Lsm4_Nudt13,0.13661186,0.054168057,0.80922
Lsm4_Parp14,0.20752384,0.13911295,0.6533632
Zfp407_Blmh,0.23460908,0.11100553,0.6543854
Alg1_Vps13d,0.3134416,0.09412329,0.59243506
Stat1_Ifi203,0.51979196,0.09841667,0.38179135
Zbtb14_Ccdc88a,0.4159194,0.15644303,0.42763755
Atp6ap1_C1qc,0.12293246,0.19658461,0.6804829
Zbtb14_Limd2,0.16037016,0.148946,0.69068384
Ctr9_Prkce,0.3667928,0.10851714,0.5246901
Syk_Ptgs2,0.067992166,0.12118524,0.81082255
Preb_Fabp3,0.3390503,0.13352992,0.5274198
Zc3h18_Hdac9,0.3336395,0.15739676,0.5089637
Mepce_Itpr1,0.29987955,0.12222534,0.5778951
Bub3_Tmem134,0.21474722,0.14786965,0.6373831
Znhit2_Pld3,0.29876944,0.08808214,0.6131484
Pnisr_H4c16,0.29876944,0.08808214,0.6131484
Ints5_Actn1,0.3030739,0.10452769,0.59239835
Mepce_Lsp1,0.21986677,0.1721453,0.6079879
Naa30_Txnrd1,0.59587526,0.022418872,0.38170585
Znhit2_Antxr2,0.29876944,0.08808214,0.6131484
Lamtor1_Fabp3,0.23238738,0.11307175,0.65454084
Rbm27_Nfkbid,0.30973485,0.038742233,0.6515229
Csnk2b_Cystm1,0.13800725,0.1939197,0.668073
Yae1d1_Gng11,0.16914093,0.38479143,0.4460676
Mcm6_Phlda1,0.35087326,0.15125096,0.4978758
Maea_Arhgap24,0.15798517,0.19102278,0.65099204
Bptf_Ppfia3,0.31928313,0.11897488,0.56174195
Zfp407_Ifit1bl1,0.2798833,0.08614927,0.63396746
Tnfrsf1b_Eprs,0.29876944,0.08808214,0.6131484
Rpf2_Aff1,0.777134,0.03191632,0.19094974
Bptf_Atp8b4,0.10406971,0.037885804,0.8580445
Map3k8_AI504432,0.29876944,0.08808214,0.6131484
Slc35b1_C1qc,0.25004894,0.16124688,0.58870417
Preb_Fabp5,0.32307047,0.24027912,0.4366504
Isca1_Snhg8,0.29876944,0.08808214,0.6131484
Ctr9_Tnfsf13b,0.36229646,0.2560378,0.3816658
Alg1_Adal,0.29876944,0.08808214,0.6131484
Arpc4_Plxna1,0.43071935,0.092532985,0.47674766
Ap3d1_H2bc3,0.2867674,0.18108341,0.5321492
Gemin5_Snhg8,0.29876944,0.08808214,0.6131484
Fcf1_Gm56496,0.29876944,0.08808214,0.6131484
Nfkb1_Pdia6,0.27428,0.09362913,0.63209087
Vps54_Slc7a11,0.50901884,0.050382726,0.44059846
Ap3d1_Slc2a1,0.42090604,0.12042797,0.45866603
Map3k8_Fpr1,0.23249826,0.1205959,0.64690584
Cog7_Hyou1,0.47077343,0.078086704,0.45113993
Snapc5_Txnip,0.2637256,0.16311039,0.573164
Wdr74_Dpp7,0.23501053,0.08733149,0.677658
Bub3_Gpx1,0.36818933,0.2536215,0.3781892
Stat2_Srgn,0.28461576,0.16951568,0.5458686
Ints5_Zbtb20,0.31785724,0.09819866,0.58394414
Stat1_Fcgr1,0.15370682,0.0807529,0.76554024
Nat10_Hdac9,0.39556414,0.044441663,0.5599942
Stat1_Ak1,0.708882,0.104953356,0.18616468
Actr8_Rabgap1l,0.28520244,0.15639034,0.55840725
Wdr82_Rbpj,0.37391397,0.07688855,0.5491975
Fip1l1_Srxn1,0.25004894,0.16124688,0.58870417
Zbtb14_Nptx1,0.26929432,0.1711674,0.5595383
Znhit2_Vim,0.29876944,0.08808214,0.6131484
Zc3h4_Eva1b,0.17136732,0.2443111,0.58432156
Atp2a2_Rcan1,0.18269144,0.09767874,0.7196298
Rhbdf2_G530011O06Rik,0.29876944,0.08808214,0.6131484
Ddx10_Ptgs2,0.1739133,0.12245244,0.70363426
Vps54_Mpeg1,0.29544112,0.23862836,0.4659305
Xpr1_Ifi27l2a,0.13842058,0.08632706,0.77525234
Irf2bp2_Sh2b1,0.17969836,0.12823027,0.6920714
Lsm4_A930033H14Rik,0.29876944,0.08808214,0.6131484
Wdr82_Ms4a6c,0.24581277,0.17670082,0.5774864
Irf2bp2_Cat,0.23774856,0.13576823,0.6264832
Cops5_Vim,0.4102443,0.28291607,0.30683964
Sod1_Vim,0.6020791,0.33143386,0.06648701
Tsr2_Nrxn1,0.21175951,0.12579206,0.6624484
Plcg2_Flot1,0.13234214,0.18308535,0.6845725
Lsm4_Nup210l,0.33903626,0.03719157,0.6237722
Ticam1_Cx3cl1,0.30503914,0.22130223,0.47365862
Zbtb7a_Peli1,0.44216293,0.013791378,0.5440457
Sod1_H4c8,0.29876944,0.08808214,0.6131484
Ube2n_Cd274,0.25286064,0.10438645,0.64275295
Wdr74_Itgav,0.35123825,0.17284334,0.47591844
Isca1_Rhov,0.41575563,0.082737595,0.50150675
Csnk2b_Tanc2,0.25736406,0.28490707,0.45772883
Zc3h18_1500011B03Rik,0.29876944,0.08808214,0.6131484
Nfkb1_Metrnl,0.1322408,0.14955178,0.7182074
Rbm27_C1qc,0.46266505,0.16529189,0.37204307
Fcf1_Gmfg,0.30555448,0.14494084,0.5495047
Wdr73_F830045P16Rik,0.12807451,0.3377292,0.5341963
Orc3_Rabggtb,0.2832972,0.14034055,0.57636225
Vps37a_Srxn1,0.23427278,0.16474815,0.6009791
Csnk2b_Mmp8,0.5916523,0.08628017,0.3220676
Slc35b1_Ms4a6c,0.1593321,0.29466656,0.5460014
Cops5_Pirb,0.196051,0.082973346,0.72097564
Tsc1_Dlg1,0.8474259,0.043549232,0.10902489
Tsc1_Atf4,0.18875383,0.5209509,0.2902953
Cog7_Sdf2l1,0.29437774,0.12610665,0.57951564
Dnttip1_Pltp,0.38408062,0.16080035,0.455119
Pbrm1_Hmgn3,0.42091244,0.16176833,0.41731924
Dnttip1_Peli1,0.08964954,0.1613148,0.7490357
Rab1a_Cd74,0.34087846,0.0745587,0.58456284
Gemin5_Trp53inp1,0.27770826,0.2329103,0.48938146
Tsr2_Wfdc17,0.17844898,0.20054199,0.62100905
Csnk2b_Inka2,0.12740281,0.0605182,0.812079
Ube2n_Tubb2a,0.24976943,0.2546318,0.49559876
Wasf2_Tgfbi,0.33800516,0.07356692,0.5884279
Sbds_Cd274,0.40338305,0.08736026,0.50925666
Cops5_Tnfaip3,0.25191998,0.050747637,0.6973324
Stat2_Slfn8,0.12803681,0.48878232,0.38318092
Alg1_A730081D07Rik,0.29876944,0.08808214,0.6131484
Rbm27_Fam20c,0.37496114,0.20993058,0.41510826
Fip1l1_Ubqln2,0.3350817,0.16050628,0.504412
Actr8_Gm2a,0.32071468,0.083677806,0.5956075
Ddx10_Cst3,0.23597816,0.15555534,0.6084665
Xpr1_Abcb1b,0.83907026,0.116703466,0.04422629
Setd1b_Sdc4,0.4182576,0.10531496,0.4764274
Arpc4_Mgst3,0.2187593,0.13764052,0.64360017
Ap3d1_Lpl,0.33978364,0.10245392,0.55776244
Cebpb_Clec4a2,0.29876944,0.08808214,0.6131484
Atp2a2_Ccl12,0.057047855,0.01344977,0.9295023
Rpf2_Apoe,0.17717394,0.07805519,0.7447709
Atp6ap1_Ifit1,0.19105756,0.03810751,0.7708349
Eif4g2_Prdx2,0.22288945,0.171141,0.6059695
Snapc5_H2bc4,0.38420418,0.14202705,0.4737688
Taf11_Ctsd,0.35467675,0.09881015,0.5465131
Vps54_Sec23a,0.41339895,0.16132006,0.42528105
Yae1d1_C430014B12Rik,0.29876944,0.08808214,0.6131484
Bptf_Fabp5,0.16192277,0.19003871,0.6480385
Actr3_Irf7,0.423652,0.16997777,0.40637016
Actb_Psap,0.36707675,0.086023934,0.5468993
Rab1a_Gas8,0.29876944,0.08808214,0.6131484
Mgat1_Sdf2l1,0.5388059,0.10332393,0.35787013
Xpr1_Uhrf1bp1l,0.29876944,0.08808214,0.6131484
Lamtor1_Gart,0.3570629,0.095200546,0.5477366
Stat2_Cd40,0.50181633,0.18232317,0.3158605
Nudc_Gmppb,0.26598376,0.12033197,0.6136843
Rbm27_Flt1,0.19408034,0.024478331,0.7814413
Syk_Apobec3,0.1873282,0.18389136,0.6287805
Actr8_Lsp1,0.31590807,0.117880665,0.5662112
Ppwd1_Mtss1,0.16780552,0.041987985,0.7902065
Xpr1_4930579C12Rik,0.29876944,0.08808214,0.6131484
Fcf1_Isg20,0.48851332,0.05320278,0.4582839
Sugt1_Slc2a6,0.24217659,0.12018862,0.6376348
Mcm6_Lpcat2,0.3024119,0.055748332,0.64183974
Pak2_Plxnd1,0.18256941,0.40712562,0.41030496
Tnfrsf1b_Ass1,0.19313891,0.34140608,0.46545497
Nfkb1_Lcn2,0.1975194,0.12917736,0.6733032
Wdr74_Fgr,0.21869023,0.15004675,0.631263
Mcm6_C1qa,0.24084692,0.08586736,0.6732857
Polr2g_Nos2,0.402209,0.09183589,0.50595504
Pbrm1_Cd74,0.2553928,0.3007075,0.44389975
Ints5_Timm9,0.30546588,0.11879102,0.5757431
Cog7_Fgf11,0.20347978,0.09171416,0.704806
Bptf_1600014C10Rik,0.29876944,0.08808214,0.6131484
Lemd3_Slc49a4,0.13799438,0.24340267,0.61860293
Nudc_Gm16175,0.29876944,0.08808214,0.6131484
Xpr1_Srxn1,0.32004052,0.120501556,0.55945796
Fip1l1_H1f4,0.29876944,0.08808214,0.6131484
Ppie_Pls3,0.15078326,0.1598634,0.68935335
Bptf_Uqcc4,0.45221862,0.08676607,0.4610153
Polr2g_Gm32611,0.29876944,0.08808214,0.6131484
Vps52_Flot1,0.40261444,0.27694702,0.32043853
Lemd3_Lpl,0.19019786,0.2534178,0.5563843
Cebpb_Cd74,0.3282503,0.20710719,0.46464252
Actb_Mamdc2,0.117351204,0.19073343,0.69191533
Dnttip1_Ptprs,0.13223653,0.066985235,0.8007782
Ppie_Ms4a6c,0.24581277,0.17670082,0.5774864
Plcg2_Srsf7,0.17821813,0.049467523,0.7723143
Mcm6_Atf4,0.500309,0.030833548,0.4688575
Nat10_2900060B14Rik,0.29876944,0.08808214,0.6131484
Polr2j_Arid1a,0.59794605,0.08907824,0.31297573
Fip1l1_Cdca2,0.42364565,0.029213075,0.54714125
Sugt1_Slc7a11,0.33296394,0.06153161,0.60550445
Stat1_F10,0.2882362,0.085033625,0.6267302
Nfkb1_Hdac9,0.20209807,0.06305655,0.7348454
Zfp407_C3ar1,0.22245082,0.21083575,0.56671345
Lsm4_Pdlim5,0.43707335,0.081063814,0.4818628
Zbtb14_Irf7,0.22625543,0.1958207,0.5779239
Rpf2_Glp2r,0.18652235,0.24578853,0.5676891
Pnisr_Tnfsf12,0.338741,0.07996015,0.5812988
Mgat1_Plk2,0.19926332,0.12457053,0.6761662
Arpc4_Rbpms,0.3837083,0.048361786,0.5679299
Irf2bp2_Gca,0.30724955,0.06639989,0.6263505
Lin52_Rassf4,0.17354804,0.16293171,0.6635203
Snapc5_Dancr,0.29876944,0.08808214,0.6131484
Fam50a_Slc7a8,0.24925104,0.12638748,0.62436146
Ube2n_Gas5,0.29876944,0.08808214,0.6131484
Eif4g2_Psmg2,0.40096432,0.11433658,0.4846991
Bub3_Ccl12,0.2792692,0.19045281,0.53027797
Ticam1_Il27,0.27056912,0.13795419,0.5914767
Maea_Sntb1,0.51442397,0.14342394,0.3421521
Aars_Hspa9,0.29876944,0.08808214,0.6131484
Zbtb14_Txnip,0.1324274,0.109739184,0.7578334
Lsm4_Dnaja1,0.1829165,0.107272446,0.70981103
Zc3h13_Il27,0.3766321,0.11872018,0.50464773
Orc3_Cbr3,0.28147963,0.16024947,0.55827093
Brap_Ptprn,0.19333228,0.13552253,0.67114526
Isca1_Prelid2,0.29480344,0.07143923,0.6337573
Sbds_Cd40,0.19128357,0.16807199,0.64064443
Slc35b1_H2bc18,0.38420418,0.14202705,0.4737688
Mgat1_Ccnd2,0.19449842,0.16442278,0.64107877
Rhbdf2_Trim12a,0.36566356,0.126271,0.50806546
Xpr1_Cbr3,0.33718702,0.07635961,0.5864533
Mgat1_Fabp3,0.21612024,0.101838544,0.68204117
Ccdc174_H2bc4,0.16604908,0.17885087,0.65510005
Irf2bp2_Hook3,0.15662163,0.09968564,0.74369276
Sbds_Acaa2,0.38589486,0.08661957,0.52748555
Stat2_Usp18,0.15430109,0.060345743,0.7853532
Mepce_Txnrd1,0.21937488,0.2296575,0.55096763
Map3k8_Pirb,0.22279772,0.112433024,0.6647693
Slc35b1_Trabd,0.34646457,0.079033025,0.5745024
Sugt1_Parp8,0.33022794,0.11330897,0.55646306
Nfkb1_Rac2,0.26680425,0.13732731,0.59586847
Snapc5_Layn,0.17844898,0.20054199,0.62100905
Mettl14_Isy1,0.17077553,0.29753315,0.5316913
Pbrm1_Slc28a2,0.17204702,0.09175353,0.73619944
Ticam1_Irak3,0.62422174,0.19869529,0.17708293
Vps52_C3ar1,0.16686454,0.19523323,0.63790226
Vps16_Coro1a,0.7362976,0.06132564,0.20237672
Mettl14_Metrnl,0.32363477,0.09871754,0.5776477
Tsc1_Actg1,0.46323067,0.020875474,0.5158938
Znhit2_Irf7,0.29876944,0.08808214,0.6131484
Atp2a2_Plxna1,0.36281994,0.120113276,0.51706684
Naa30_Ube2t,0.35366362,0.047384012,0.59895235
Map3k8_Gm56663,0.29876944,0.08808214,0.6131484
Zbtb7a_Lcn2,0.25371602,0.08564732,0.66063666
Rab1a_Slc25a25,0.22317295,0.19929805,0.577529
Zfp407_Tnfsf12,0.38307092,0.21164168,0.4052874
Syk_Cdkn1a,0.101163894,0.6489999,0.24983613
Irf2bp2_Mrpl45,0.21175951,0.12579206,0.6624484
Map3k8_Prkce,0.25910705,0.17821525,0.5626777
Rhbdf2_Phlda1,0.23842424,0.10866829,0.6529075
Rab1a_Sp140,0.4210553,0.17624132,0.4027034
Tnfrsf1b_Eeig2,0.24389383,0.09594481,0.6601613
Rab1a_Rnh1,0.25184873,0.22473338,0.5234179
Rprd2_4632427E13Rik,0.29876944,0.08808214,0.6131484
Mepce_Add1,0.29987955,0.12222534,0.5778951
Tnfrsf1b_Zdhhc14,0.16400565,0.21321991,0.6227744
Zfp407_Tma16,0.41537055,0.048816197,0.5358133
Lamtor1_Glis3,0.19682598,0.10721633,0.69595766
Lemd3_ENSMUSG00000121501,0.29876944,0.08808214,0.6131484
Csnk2b_Ctsd,0.5616428,0.050509978,0.3878472
Setd1b_Gm46189,0.29876944,0.08808214,0.6131484
Xpr1_Tspoap1,0.2927406,0.11158889,0.5956705
Cog7_Pls3,0.29363513,0.13962331,0.5667415
Sugt1_Rictor,0.24365479,0.10522868,0.65111655
Syk_Lin7b,0.0895427,0.44220504,0.4682522
Ddx10_Flot1,0.3304108,0.24296032,0.42662886
Rbm27_Coro1a,0.33399484,0.10683466,0.55917054
Slc35b1_Pdia4,0.33903626,0.03719157,0.6237722
Lsm4_Ddx23,0.8736477,0.010301426,0.11605086
Taf11_Leprotl1,0.2594402,0.13555466,0.60500515
Wdr82_Actg1,0.30919302,0.10346412,0.58734286
Stat2_Lnpk,0.44961345,0.09650576,0.45388082
Dnajc9_Mmp13,0.16794778,0.20762974,0.62442243
Ist1_Samd8,0.24945657,0.23757966,0.5129638
Zc3h18_Ripk2,0.27240396,0.081697255,0.6458988
Setd1b_Cst3,0.16841862,0.24333045,0.58825094
Myh9_Antxr2,0.18804593,0.13398358,0.67797047
Map3k8_Nrp2,0.08787857,0.111389354,0.8007321
Cebpb_Lpl,0.24866673,0.2720525,0.47928077
Ist1_Naip2,0.17702089,0.28726086,0.53571826
Ccdc174_Plk2,0.16604908,0.17885087,0.65510005
Brap_Limk1,0.62860626,0.10230732,0.2690864
Elp5_Pirb,0.2623401,0.13574064,0.60191923
Syk_Atf3,0.2589043,0.12858239,0.61251336
Ist1_Hmga2,0.58118385,0.13340272,0.28541344
Ppie_Stat3,0.21866512,0.03689328,0.7444416
Pnisr_Cd52,0.3219689,0.12645447,0.5515766
Polr2j_Nos2,0.14373477,0.14587815,0.7103871
Rhbdf2_Lpcat2,0.3394913,0.25886,0.40164873
Vps16_Cyb5a,0.28780773,0.08879284,0.62339944
Polr2g_Bin2,0.24213755,0.16923691,0.58862555
Fcf1_Ifi27l2a,0.22875653,0.12620975,0.6450337
Zbtb14_4632427E13Rik,0.29876944,0.08808214,0.6131484
Vps37a_Nup210l,0.30546588,0.11879102,0.5757431
Bub3_Glmn,0.4021774,0.16125593,0.43656668
Ppwd1_Sdf2l1,0.36230525,0.05021822,0.5874765
Zbtb7a_Plscr3,0.40613526,0.13597241,0.45789236
Gemin5_Acsl1,0.15815239,0.17942971,0.6624179
Pak2_Cx3cl1,0.27988145,0.16893491,0.55118364
Nudc_H2bc4,0.2358879,0.122107014,0.6420051
Lemd3_Abhd5,0.21986677,0.1721453,0.6079879
Cebpb_Malat1,0.29876944,0.08808214,0.6131484
Tnfrsf1b_S100a13,0.19571215,0.31929034,0.4849975
Zc3h4_Gm32611,0.29876944,0.08808214,0.6131484
Orc3_Spic,0.27658138,0.23177773,0.49164096
Rab1a_Hmga1,0.15529168,0.05329241,0.79141587
Rab1a_Plxna1,0.45929953,0.10389273,0.43680775
Cebpb_Slc9a9,0.14272128,0.057981852,0.79929686
Wdr73_Peg13,0.29876944,0.08808214,0.6131484
Ccdc174_Sgpl1,0.15770543,0.06759829,0.7746963
Plcg2_Ass1,0.19796234,0.31991544,0.48212218
Ppwd1_Pde4d,0.19979094,0.033763,0.76644605
Vps54_Lsp1,0.13296792,0.083040394,0.78399163
Atp2a2_Mier1,0.3409512,0.13081078,0.52823806
Dnttip1_Ppfia3,0.3656451,0.11434274,0.52001214
Fam50a_Ifi209,0.29876944,0.08808214,0.6131484
Plcg2_C3ar1,0.53954726,0.09651406,0.3639387
Ctr9_Taf15,0.2656033,0.10944405,0.6249526
Vps37a_Tnfrsf26,0.12807451,0.3377292,0.5341963
Yae1d1_Gas8,0.29876944,0.08808214,0.6131484
Sugt1_Irgm2,0.37809554,0.113111675,0.50879276
Zc3h18_F11r,0.24457426,0.09818331,0.6572424
Actb_Kif17,0.21062954,0.268144,0.52122647
Stat2_Ifit1,0.12803681,0.48878232,0.38318092
Atp2a2_Irgm2,0.5373604,0.092222415,0.3704172
Vps37a_Abcb4,0.45777482,0.12645394,0.41577122
Sbds_1500011B03Rik,0.29876944,0.08808214,0.6131484
Lemd3_Cd74,0.13850453,0.17640625,0.6850892
Mcm6_Dcp1a,0.11944811,0.06779307,0.8127588
Orc3_Pank3,0.29987955,0.12222534,0.5778951
Ap3d1_Gmfg,0.4769665,0.05663871,0.46639475
Zc3h18_C1qc,0.40958026,0.087389216,0.50303054
Aars_C1qc,0.29876944,0.08808214,0.6131484
Sbds_Ift88,0.46260473,0.274307,0.26308817
Atp6ap1_Flrt2,0.51146835,0.069807984,0.41872367
Preb_Kdelr2,0.54238766,0.13604388,0.32156843
Vps16_Creg2,0.29780415,0.07023025,0.63196564
Actr8_Gmfg,0.10530786,0.09090152,0.8037906
Map3k8_Rrs1,0.22462584,0.32150212,0.45387203
Slc35b1_Hyou1,0.26340035,0.037880067,0.69871956
Cops5_Ccdc7a,0.24389383,0.09594481,0.6601613
Wdr82_Fabp3,0.19681989,0.3961753,0.40700477
Cebpb_Ifi203,0.29491028,0.09862707,0.60646266
Wdr73_Ifi27l2a,0.5197118,0.09974739,0.38054082
Syk_Txnrd1,0.45731652,0.14032857,0.4023549
Trappc4_Gm41409,0.29876944,0.08808214,0.6131484
Sbds_Gm56864,0.29876944,0.08808214,0.6131484
Isca1_Coro1a,0.4021857,0.09565193,0.5021624
Bptf_Jdp2,0.42781463,0.013447913,0.55873746
Fam50a_Sgk1,0.3468784,0.15094298,0.50217867
Zfp407_Soat2,0.31789073,0.07086262,0.61124665
Eif4g2_Gm14636,0.29876944,0.08808214,0.6131484
Dnttip1_Hdac9,0.06819212,0.017784074,0.9140238
Wdr73_Srxn1,0.23427278,0.16474815,0.6009791
Sugt1_Palld,0.16149187,0.07901188,0.7594963
Snapc5_1500011B03Rik,0.29876944,0.08808214,0.6131484
Ppie_Gas5,0.29876944,0.08808214,0.6131484
Lemd3_Rnf180,0.61103547,0.11193859,0.277026
Ccdc174_Ephx1,0.21474722,0.14786965,0.6373831
Sbds_Pappa2,0.2289835,0.21228194,0.55873454
Vps54_Palld,0.25126752,0.051350333,0.6973821
Orc3_Pde2a,0.29987955,0.12222534,0.5778951
Ist1_Rcor2,0.37820235,0.06095554,0.56084216
Nat10_Cyb5a,0.66186917,0.03125139,0.30687946
Mcm6_Ms4a7,0.25325435,0.24500477,0.5017409
Zc3h18_G530011O06Rik,0.29876944,0.08808214,0.6131484
Tsr2_Gdf3,0.25004894,0.16124688,0.58870417
Actb_Cst3,0.5745582,0.1508324,0.2746094
Naa30_Zbtb21,0.26092136,0.1958025,0.54327613
Fam50a_Hook3,0.3369287,0.12817784,0.53489345
Uhrf1_Ass1,0.6930318,0.026103713,0.28086445
Ticam1_Asf1a,0.42926988,0.0921022,0.47862786
Atp6ap1_Gadd45a,0.4706812,0.056431286,0.4728875
Lsm4_Gstm1,0.5356542,0.051804062,0.4125417
Map3k8_Cbfb,0.25979474,0.12487964,0.6153257
Isca1_Cat,0.34889424,0.18078674,0.470319
Uhrf1_Irgm2,0.42230338,0.11730081,0.46039578
Rab1a_Tanc2,0.8022713,0.03466735,0.16306138
Maea_Zc3h4,0.15737976,0.05840083,0.7842194
Wasf2_Flrt2,0.35731542,0.0775002,0.5651844
Ppwd1_Sla,0.5005861,0.03160866,0.4678053
Vps52_Clec9a,0.14682662,0.20624192,0.64693147
Rhbdf2_Snhg8,0.29876944,0.08808214,0.6131484
Wdr82_Gm13684,0.29876944,0.08808214,0.6131484
Plcg2_Dusp2,0.5655129,0.016162919,0.4183242
Mettl14_Tnf,0.08792195,0.06852064,0.8435574
Naa30_Nfkbiz,0.25418115,0.13359714,0.6122217
Irf2bp2_Arg2,0.21077235,0.15607968,0.63314795
Wdr82_Pirb,0.43536928,0.09338325,0.4712475
Cops5_Tet2,0.47260785,0.13469805,0.39269412
Mcm6_Aff1,0.53024197,0.011917748,0.4578403
Znhit2_Fabp3,0.29876944,0.08808214,0.6131484
Mettl14_Ms4a6c,0.24581277,0.17670082,0.5774864
Map3k8_Ldha,0.7077341,0.04233786,0.24992806
Ticam1_Ndst1,0.45461586,0.13492505,0.41045916
Sugt1_Cask,0.37132004,0.11329077,0.51538914
Zc3h18_Fpr1,0.3060843,0.09144586,0.60246986
Zeb2_Cited2,0.2680556,0.09917918,0.6327652
Sugt1_Casp8ap2,0.17640753,0.2603564,0.56323606
Rhbdf2_Txnip,0.23336323,0.24210769,0.5245291
Ints5_Cmtm7,0.19178629,0.120236814,0.68797696
Ppwd1_Wfdc17,0.17844898,0.20054199,0.62100905
Sugt1_Cxcl11,0.33022794,0.11330897,0.55646306
Actr3_S100a4,0.5761389,0.029709741,0.39415133
Actr8_Eeig2,0.24389383,0.09594481,0.6601613
Map3k8_Wfdc17,0.17844898,0.20054199,0.62100905
Tsc1_Pld3,0.20428996,0.08375564,0.71195436
Isca1_Pla2g7,0.30992553,0.13561133,0.55446315
Lin52_Tacc3,0.17354804,0.16293171,0.6635203
Map3k8_Airn,0.29876944,0.08808214,0.6131484
Znhit2_Gm10134,0.29876944,0.08808214,0.6131484
Ticam1_Gmfg,0.35337305,0.08204313,0.5645838
Myh9_Rac2,0.08818672,0.022217492,0.8895958
Rhbdf2_C1qc,0.22054708,0.13939773,0.64005524
Vps54_Gpx1,0.14920536,0.04261383,0.8081808
Polr2j_Itgav,0.27005047,0.105959676,0.6239899
Cebpb_Slc16a10,0.30726352,0.12683967,0.5658968
Zbtb7a_Dbp,0.22988746,0.15664317,0.61346936
Bub3_Cd52,0.24925104,0.12638748,0.62436146
Eif4g2_Myo5a,0.48157567,0.15334427,0.36508006
Zbtb7a_Hmga2,0.11693935,0.036207803,0.8468529
Ctr9_Gm57337,0.29876944,0.08808214,0.6131484
Naa30_Il27,0.22251683,0.16622077,0.6112624
Mgat1_Pla2g7,0.2910029,0.18879752,0.52019954
Tsr2_Selenom,0.32250354,0.09624347,0.581253
Actr3_Sirpb1c,0.4831636,0.07556298,0.44127348
Cebpb_Pank3,0.43067425,0.05970019,0.50962555
Zfp407_Pgam1,0.41537055,0.048816197,0.5358133
Ist1_Wfdc17,0.17844898,0.20054199,0.62100905
Stat1_Spaca6,0.21175951,0.12579206,0.6624484
Ppwd1_Gatm,0.17907284,0.14102693,0.6799002
Maea_Gm2087,0.29876944,0.08808214,0.6131484
Sbds_Prdx2,0.24397473,0.27784503,0.47818026
Vps52_Itgav,0.4833264,0.13800657,0.37866706
Ints5_Raph1,0.16108282,0.2570773,0.5818399
Wdr82_Limd2,0.262938,0.06677235,0.67028964
Setd1b_C3ar1,0.24213755,0.16923691,0.58862555
Sod1_Mif,0.5716756,0.11455999,0.31376442
Rpf2_Igsf9,0.4182576,0.10531496,0.4764274
Polr2j_Mycbp2,0.59668005,0.11110235,0.29221764
Lsm4_Cbr3,0.5863418,0.04034219,0.37331602
Brap_Flna,0.32400334,0.016430967,0.6595657
Eif4g2_Alg14,0.29788372,0.1831361,0.5189802
Eif4g2_Cdkn1c,0.31286627,0.15125895,0.5358747
Maea_Dhrs1,0.16148289,0.26283634,0.5756808
Atp6ap1_Lcn2,0.7866738,0.09949474,0.11383142
Naa30_Plxna1,0.22251683,0.16622077,0.6112624
Nfkb1_Ms4a6c,0.19019458,0.16189836,0.647907
Tsr2_Pdia6,0.21175951,0.12579206,0.6624484
Polr2j_Fcgr1,0.25176737,0.19988139,0.5483512
Mcm6_Tgfbi,0.33679396,0.054862607,0.6083435
Wasf2_Dusp6,0.14445075,0.070967525,0.7845817
Cebpb_Gsdmd,0.31251094,0.12945135,0.5580377
Zc3h18_Sertad2,0.35278708,0.10824444,0.53896844
Preb_Trp53rkb,0.29876944,0.08808214,0.6131484
Lin52_Pycard,0.2420781,0.114403814,0.6435181
Mettl14_Kdelr2,0.34217596,0.07746782,0.58035624
Pbrm1_Ptgs2,0.44308707,0.13630123,0.4206117
Nfkb1_Fabp5,0.14468446,0.27106082,0.5842547
Wdr73_Pde2a,0.2889623,0.047008175,0.6640295
Rhbdf2_Plk2,0.28918546,0.08518903,0.6256255
Sbds_Ifit1,0.13866457,0.2830122,0.57832325
Wdr74_Fcgr1,0.21614282,0.197537,0.5863202
Polr2j_Ccl12,0.373476,0.08809474,0.53842926
Lemd3_Gm57096,0.29876944,0.08808214,0.6131484
Wasf2_Dancr,0.29876944,0.08808214,0.6131484
Preb_Hdlbp,0.2368599,0.04247659,0.7206635
Mepce_Gng11,0.29446095,0.2317836,0.47375548
Alg1_Cobll1,0.13800725,0.1939197,0.668073
Actb_Palld,0.18993251,0.0369287,0.77313876
Trappc4_Smim14,0.23770115,0.027110977,0.7351878
Zeb2_Trps1,0.6611121,0.025888609,0.31299922
Cebpb_Msi2,0.19296147,0.11099789,0.69604063
Tnfrsf1b_Slc7a11,0.17904694,0.0679455,0.75300753
Vps16_Ms4a7,0.1593321,0.29466656,0.5460014
Mepce_Hmgn3,0.28878298,0.21113002,0.500087
Nat10_Naip2,0.26314276,0.13069068,0.60616654
Brap_Chtf18,0.36750638,0.114965096,0.5175285
Plcg2_Plp2,0.20511514,0.04201815,0.7528667
Map3k8_F11r,0.22054708,0.13939773,0.64005524
Atp6ap1_Herc6,0.3906115,0.26853913,0.34084937
Elp5_Irf7,0.52841353,0.07712821,0.39445826
Cops5_Cyb5a,0.26530778,0.07985294,0.6548393
Cog7_Fpr1,0.25845063,0.08100822,0.6605412
Zc3h13_Serpinb9,0.17844898,0.20054199,0.62100905
Rpf2_Lyz2,0.17157267,0.09009844,0.7383289
Actb_Grm5,0.46592417,0.26106212,0.2730137
Brap_Hgsnat,0.28251916,0.07224983,0.645231
Tnfrsf1b_Msi2,0.2619812,0.30565783,0.43236092
Taf11_Lgmn,0.22750966,0.073640816,0.6988495
Pbrm1_Tnfsf12,0.23082832,0.18343031,0.58574134
Polr2g_Txnrd1,0.24906199,0.14122857,0.60970944
Ube2n_Pgm2l1,0.51539963,0.13236013,0.35224023
Ube2n_AI504432,0.29876944,0.08808214,0.6131484
Ccdc174_Vim,0.15770543,0.06759829,0.7746963
Nfkb1_Tubb2a,0.19815859,0.091660656,0.71018076
Irf2bp2_Tubb2a,0.27093336,0.17737754,0.5516891
Rhbdf2_Dancr,0.29876944,0.08808214,0.6131484
Lamtor1_Fam20c,0.40433547,0.04086691,0.5547976
Bptf_Spp1,0.6184623,0.19413775,0.18739991
Atp2a2_Lpl,0.37599796,0.05543433,0.56856775
Bptf_Actg1,0.5625976,0.17478772,0.26261473
Map3k8_Fcgr3,0.13586836,0.19887868,0.665253
Tsc1_Cd274,0.2450252,0.1297232,0.6252516
Sod1_Gm14051,0.29876944,0.08808214,0.6131484
Ppie_Slc20a1,0.25004894,0.16124688,0.58870417
Taf11_Pnp2,0.22697091,0.05678359,0.7162455
Rbm27_S100a4,0.37496114,0.20993058,0.41510826
Tsc1_Cdkn1c,0.18682921,0.015311471,0.7978594
Rbm27_Dgkh,0.14232168,0.028122937,0.82955533
Zc3h4_Gm57096,0.29876944,0.08808214,0.6131484
Lin52_Ucp2,0.17354804,0.16293171,0.6635203
Myh9_Hdac9,0.2764661,0.09559087,0.62794304
Mettl14_Polr2h,0.105907045,0.027563566,0.86652935
Polr2g_Blmh,0.21058136,0.2947259,0.4946927
Zeb2_Taf15,0.24973974,0.16968721,0.5805731
Aars_Rbpj,0.29876944,0.08808214,0.6131484
Nudc_Naip2,0.2350058,0.22138177,0.5436124
Plcg2_Rnf31,0.12249734,0.09992902,0.7775736
Ddx10_Cdkn1a,0.26887548,0.12209599,0.6090285
Stat2_Mndal,0.26906303,0.38674238,0.3441946
Znhit2_Ppp1r15a,0.29876944,0.08808214,0.6131484
Zeb2_Abcc5,0.21306361,0.15549946,0.63143694
Snapc5_4930599N23Rik,0.29876944,0.08808214,0.6131484
Cops5_Eno4,0.18934545,0.14282787,0.66782665
Tsc1_Ms4a6c,0.17417273,0.29025182,0.53557545
Zbtb14_Slpi,0.29724512,0.10679924,0.5959556
Irf2bp2_Rnf145,0.25004894,0.16124688,0.58870417
Ppie_Apoe,0.21511827,0.13217826,0.6527035
Mettl14_Fabp5,0.32307047,0.24027912,0.4366504
Rbm27_Stk40,0.21577825,0.050825696,0.7333961
Aars_Mx1,0.29876944,0.08808214,0.6131484
Nudc_Pld3,0.26620275,0.10829885,0.6254984
Taf11_Rcbtb2,0.21175951,0.12579206,0.6624484
Lin52_Pcgf5,0.3376331,0.023020022,0.6393469
Mgat1_Plcb4,0.4845326,0.24561131,0.26985607
Cog7_S100a4,0.20347978,0.09171416,0.704806
Arpc4_Hrob,0.9351202,0.010699159,0.05418069
Bub3_Hgsnat,0.23218599,0.18561758,0.5821965
Fcf1_Arhgap25,0.27167305,0.18006843,0.54825854
Elp5_Gadd45a,0.41328388,0.14066498,0.4460511
Znhit2_Rac2,0.29876944,0.08808214,0.6131484
Zeb2_Ccnd2,0.14599995,0.03414379,0.8198563
Actb_Rere,0.58349484,0.062017877,0.35448733
Actr3_Pla2g7,0.41417187,0.12949447,0.45633364
Zc3h13_Gas6,0.41219068,0.17669468,0.41111466
Ppie_Pirb,0.49775675,0.14976282,0.35248038
Arpc4_Gm10522,0.29876944,0.08808214,0.6131484
Znhit2_Ms4a7,0.29876944,0.08808214,0.6131484
Actr3_Flt1,0.2611437,0.11842312,0.62043315
Xpr1_Slc7a11,0.40442237,0.19574822,0.39982945
Xpr1_Gas6,0.24272622,0.15666555,0.6006083
Nat10_Apoe,0.28106993,0.07631593,0.6426141
Actb_Hmgn3,0.36594662,0.13931528,0.49473804
Znhit2_Pirb,0.29876944,0.08808214,0.6131484
Bub3_Basp1,0.46777192,0.07088952,0.4613386
Trappc4_Aasdhppt,0.55157465,0.07183527,0.37659007
Zbtb14_Tacc1,0.19537812,0.15722816,0.6473937
Ppie_Tceal8,0.38696536,0.09966124,0.51337343
Csnk2b_Sros1,0.29876944,0.08808214,0.6131484
Nfkb1_Ifit1,0.42365164,0.059320033,0.51702833
Rpf2_Pdia6,0.19513987,0.14065267,0.66420746
Bub3_Ifi27l2a,0.29763672,0.13564616,0.56671715
Stat1_Ifi27l2a,0.12189779,0.062427778,0.8156744
Brap_Slc16a10,0.23395796,0.13436948,0.63167256
Zc3h4_Pter,0.472641,0.17493041,0.35242864
Cebpb_Dusp2,0.33101565,0.074162245,0.59482205
Wdr73_Zbtb20,0.26565397,0.12169665,0.6126494
Ube2n_Ifi209,0.29876944,0.08808214,0.6131484
Snapc5_H4c8,0.29876944,0.08808214,0.6131484
Rbm27_Snhg8,0.29876944,0.08808214,0.6131484
Arpc4_Msi2,0.25176737,0.19988139,0.5483512
Sod1_Hspa9,0.08455247,0.77615887,0.13928865
Zfp407_Fcgr1,0.21599483,0.317945,0.46606013
Zc3h18_Igsf9,0.21986677,0.1721453,0.6079879
Isca1_Ephx1,0.19122201,0.12664315,0.68213487
Polr2j_Astl,0.28791633,0.15152287,0.5605608
Xpr1_Hmga1,0.21310265,0.16584824,0.6210491
Lin52_Bub1,0.2094212,0.2949822,0.49559668
Vps54_Gas6,0.30414957,0.14367175,0.5521787
Nudc_Lyz2,0.2540001,0.12495206,0.62104785
Wdr73_Ass1,0.23427278,0.16474815,0.6009791
Atp2a2_Nupr1,0.3241113,0.23659438,0.4392943
Ccdc174_Ripk2,0.15770543,0.06759829,0.7746963
Actr3_Sgk1,0.11630492,0.4084058,0.47528926
Atp6ap1_Hmga2,0.34583926,0.049687322,0.6044734
Orc3_Slfn5,0.38696536,0.09966124,0.51337343
Mepce_Cystm1,0.17844898,0.20054199,0.62100905
Polr2g_Ctsd,0.23479168,0.09844243,0.6667659
Wasf2_Flt1,0.3156025,0.08301791,0.6013796
Ddx10_Ass1,0.0946042,0.058816396,0.84657943
Nat10_Pdia6,0.29446095,0.2317836,0.47375548
Uhrf1_Elf1,0.51854634,0.033948444,0.44750524
Nudc_Pla2g7,0.4182576,0.10531496,0.4764274
Zc3h13_Psap,0.30829078,0.13572033,0.5559889
Trappc4_Gpx1,0.58327717,0.055410516,0.3613123
Tnfrsf1b_Ifi27l2a,0.28660405,0.18506461,0.52833134
Stat1_Sp140,0.35828117,0.046342757,0.5953761
Vps52_Zfp36l2,0.23877579,0.32107735,0.4401469
Nudc_Cyb5a,0.29587814,0.11377382,0.590348
Gemin5_Ms4a6c,0.24581277,0.17670082,0.5774864
Rprd2_Gca,0.18028542,0.11708207,0.7026325
Gemin5_Metrnl,0.18652235,0.24578853,0.5676891
Dnajc9_Ucp2,0.23822275,0.15105546,0.61072177
Cops5_Cat,0.252714,0.25620148,0.49108455
Myh9_Hmga2,0.14981169,0.09129774,0.75889057
Plcg2_Ccl12,0.23055683,0.27453563,0.49490756
Vps52_Slc7a11,0.19222777,0.052633766,0.75513846
Lemd3_Nudt13,0.17138352,0.16596605,0.6626504
Zeb2_Spp1,0.3609016,0.2015778,0.43752065
Dnttip1_F11r,0.16871606,0.07491103,0.756373
Actb_Nr1d1,0.55231994,0.24907954,0.19860047
Zc3h13_Tnfrsf26,0.16914093,0.38479143,0.4460676
Wdr73_Flot1,0.2221479,0.07636525,0.7014869
Xpr1_Dnaja1,0.14188702,0.07187995,0.786233
Brap_Ass1,0.3423469,0.19273321,0.4649199
Taf11_Clec4a2,0.29876944,0.08808214,0.6131484
Ccdc174_Gm56663,0.29876944,0.08808214,0.6131484
Maea_Glmn,0.80124444,0.01608207,0.18267345
Lsm4_Rassf4,0.17354804,0.16293171,0.6635203
Syk_Sdc4,0.5065516,0.19147138,0.30197704
Trappc4_Tmem134,0.14134817,0.1640505,0.6946013
Nat10_Actg1,0.11643502,0.04308572,0.84047925
Eif4g2_C1qc,0.2593566,0.10877973,0.63186365
Mcm6_Dcaf1,0.37551007,0.10679374,0.5176962
Pak2_Spic,0.23514779,0.22477962,0.54007256
Mettl14_Irf7,0.21302605,0.14013791,0.64683604
Ap3d1_Gm28192,0.29876944,0.08808214,0.6131484
Fip1l1_Tspoap1,0.20464048,0.17406127,0.6212983
Slc35b1_Sgk1,0.2652638,0.06077472,0.67396146
Mepce_Gm56496,0.29876944,0.08808214,0.6131484
Wdr74_Cdkn1a,0.17834702,0.21002261,0.6116303
Zbtb14_Ifit1,0.27311465,0.18163593,0.5452494
Uhrf1_Psap,0.24986114,0.07832399,0.6718149
Cebpb_Irak3,0.43690243,0.15103813,0.4120595
Yae1d1_C3ar1,0.16914093,0.38479143,0.4460676
Zc3h18_Pitpnc1,0.35292888,0.13909425,0.5079769
Ctr9_Ripk2,0.13501976,0.09660588,0.7683744
Vps52_Speg,0.28061178,0.21265055,0.50673765
Rbm27_Dennd1b,0.56751585,0.074702755,0.35778138
Nat10_Sdf2l1,0.27592355,0.12129097,0.60278547
Rbm27_Dancr,0.29876944,0.08808214,0.6131484
Vps16_Tubb2a,0.17860834,0.11395895,0.70743275
Mettl14_9930111J21Rik2,0.29876944,0.08808214,0.6131484
Nfkb1_Gab1,0.44841078,0.113162994,0.43842623
Mepce_Zfp36l2,0.15621611,0.08809065,0.7556932
Rab1a_Itgb8,0.25591764,0.11788937,0.626193
Rab1a_Ifngr1,0.3204462,0.13615258,0.54340124
Setd1b_Gpx1,0.32185662,0.11477602,0.56336737
Snapc5_Gda,0.27944976,0.08709279,0.6334575
Tsc1_Stag1,0.26703927,0.10544149,0.62751925
Sbds_Pdxp,0.43505153,0.077351436,0.48759705
Dnttip1_Cat,0.32237178,0.1432891,0.53433913
Xpr1_Mad2l1,0.35341397,0.19848922,0.4480968
Rprd2_Lcn2,0.40748444,0.05861502,0.5339005
Stat1_Rab40c,0.43135872,0.22647329,0.34216797
Xpr1_Mctp1,0.16418299,0.13230081,0.7035162
Nat10_Hmga2,0.18859348,0.35554183,0.45586467
Ap3d1_Hpse,0.30829144,0.14270917,0.54899937
Vps37a_Tubb5,0.8087141,0.016809372,0.1744765
Lemd3_Cx3cr1,0.3720937,0.113806255,0.5141001
Zc3h4_Zc3h4,0.39771217,0.30101928,0.30126855
Plcg2_Parp8,0.16679709,0.29701224,0.5361907
Stat1_Slfn5,0.38696536,0.09966124,0.51337343
Mettl14_Ms4a7,0.24581277,0.17670082,0.5774864
Wdr74_Zc3h12a,0.15121733,0.04939427,0.7993884
Vps37a_Rab23,0.60730594,0.13789888,0.2547952
Orc3_4930579C12Rik,0.29876944,0.08808214,0.6131484
Zc3h13_Atp2b1,0.38375798,0.11950064,0.49674138
Tsc1_Ccnd2,0.28744256,0.22372618,0.48883128
Cops5_Pla2g7,0.19268374,0.09379309,0.71352315
Ccdc174_Apoe,0.15770543,0.06759829,0.7746963
Bub3_Mafg,0.46506032,0.066107824,0.4688318
Znhit2_Sbno2,0.29876944,0.08808214,0.6131484
Ist1_Vim,0.13113055,0.20761214,0.66125727
Xpr1_Hmgn3,0.24213755,0.16923691,0.58862555
Cops5_Fmn1,0.35087326,0.15125096,0.4978758
Orc3_Ppfibp1,0.25325435,0.24500477,0.5017409
Zc3h18_Flt1,0.2940902,0.1778417,0.5280681
Actr8_Ccl12,0.23305641,0.1455438,0.62139976
Nudc_Prpf4,0.2454517,0.08145094,0.6730974
Lemd3_C3ar1,0.19590515,0.13825917,0.6658357
Sod1_Lncpint,0.29876944,0.08808214,0.6131484
Rpf2_4930599N23Rik,0.29876944,0.08808214,0.6131484
Sugt1_Eeig2,0.24389383,0.09594481,0.6601613
Rprd2_Airn,0.29876944,0.08808214,0.6131484
Polr2g_Srxn1,0.25004894,0.16124688,0.58870417
Wasf2_Bloc1s6,0.7857974,0.038810506,0.17539208
Actb_Trim23,0.5238792,0.09172038,0.38440046
Ap3d1_Clec12a,0.32394555,0.27329573,0.4027587
Zfp407_ENSMUSG00000121501,0.29876944,0.08808214,0.6131484
Ticam1_Ndrg1,0.27992666,0.48300853,0.23706485
Stat2_Spopl,0.40971082,0.055966068,0.5343231
Sugt1_Ptgs2,0.19904234,0.13835223,0.66260546
Zeb2_Gda,0.2736146,0.11959593,0.60678947
Fip1l1_Cd74,0.37129995,0.20645753,0.42224252
Zc3h18_Clic5,0.30618724,0.039526526,0.65428627
Wdr82_Pid1,0.37832904,0.17816673,0.4435042
Zc3h13_Trem1,0.2955159,0.12073551,0.5837486
Vps52_Gm16973,0.29876944,0.08808214,0.6131484
Slc35b1_G530011O06Rik,0.29876944,0.08808214,0.6131484
Wasf2_Pla2g7,0.30992553,0.13561133,0.55446315
Ints5_Gm57204,0.29876944,0.08808214,0.6131484
Vps37a_Plxna4os1,0.29876944,0.08808214,0.6131484
Ctr9_Gas5,0.29876944,0.08808214,0.6131484
Myh9_Fam20c,0.3692088,0.058209576,0.5725816
Ap3d1_Ass1,0.24046037,0.16776653,0.59177315
Irf2bp2_A430093F15Rik,0.29876944,0.08808214,0.6131484
Zc3h4_Adamtsl4,0.26698023,0.19608046,0.5369393
Zbtb7a_Zfp516,0.29876944,0.08808214,0.6131484
Bptf_Pdia6,0.45315248,0.1381868,0.4086607
Pak2_Cdt1,0.22781496,0.08823702,0.68394804
Rprd2_Atf4,0.26267427,0.13661738,0.6007083
Yae1d1_Abcb1b,0.2692882,0.11530807,0.6154038
Sod1_Clic5,0.2338751,0.028518027,0.73760694
Fcf1_Itgb8,0.47655836,0.14335026,0.38009143
Tnfrsf1b_Gm57204,0.29876944,0.08808214,0.6131484
Isca1_Rrs1,0.4021857,0.09565193,0.5021624
Wasf2_Limd2,0.042449266,0.35638276,0.601168
Ppwd1_Gm43646,0.29876944,0.08808214,0.6131484
Irf2bp2_Hmga2,0.21860448,0.31867132,0.4627242
Ctr9_Pirb,0.7552696,0.05701446,0.18771596
Lamtor1_Myo5a,0.20761958,0.08652033,0.7058601
Trappc4_Rfx5,0.31006524,0.05165817,0.63827664
Rbm27_H2bc4,0.1986135,0.042988002,0.75839853
Ctr9_Fcho2,0.29605812,0.11473055,0.58921134
